Channel Number,Channel Name,Start Time,Duration,Program Name
1,Gospel Truth TV,00:00,180,SUMMER FAMILY BIBLE CONFERENCE 2020
1,Gospel Truth TV,03:00,60,CHARIS CHAPEL 3/31/21
1,Gospel Truth TV,04:00,60,BIBLICAL WORLDVIEW
1,Gospel Truth TV,05:00,30,GOSPEL TRUTH 9/06/21
1,Gospel Truth TV,05:30,30,THE WAY THE GARDEN
1,Gospel Truth TV,06:00,30,ROI FOR GOD
1,Gospel Truth TV,06:30,30,WEALTHBUILDER'S
1,Gospel Truth TV,07:00,30,VISION TO REALITY 9/06/21
1,Gospel Truth TV,07:30,30,VISION TO REALITY 9/07/21
1,Gospel Truth TV,08:00,30,VISION TO REALITY 9/08/21
1,Gospel Truth TV,08:30,30,VISION TO REALITY 9/09/21
1,Gospel Truth TV,09:00,60,TRUTH AND LIBERTY 8/30/21
1,Gospel Truth TV,10:00,60,HEALING IS HERE 2021
1,Gospel Truth TV,11:00,150,HEALING IS HERE 2021
1,Gospel Truth TV,13:30,90,CHARIS HEALING UNIVERSITY
1,Gospel Truth TV,15:00,60,CHARIS CHAPEL 3/31/21
1,Gospel Truth TV,16:00,60,BIBLICAL WORLDVIEW
1,Gospel Truth TV,17:00,30,GOSPEL TRUTH 9/06/21
1,Gospel Truth TV,17:30,30,THE WAY THE GARDEN
1,Gospel Truth TV,18:00,30,ROI FOR GOD
1,Gospel Truth TV,18:30,30,WEALTHBUILDER'S
1,Gospel Truth TV,19:00,30,VISION TO REALITY 9/06/21
1,Gospel Truth TV,19:30,30,VISION TO REALITY 9/07/21
1,Gospel Truth TV,20:00,30,VISION TO REALITY 9/08/21
1,Gospel Truth TV,20:30,30,VISION TO REALITY 9/09/21
1,Gospel Truth TV,21:00,60,TRUTH AND LIBERTY 8/30/21
1,Gospel Truth TV,22:00,60,HEALING IS HERE 2021
1,Gospel Truth TV,23:00,60,SUMMER FAMILY BIBLE CONFERENCE 2021
2,NRB Network,00:00,30,John MacArthur - Grace to You
2,NRB Network,00:30,30,D. James Kennedy Min.-Truths That Transform
2,NRB Network,01:00,30,Jim Cantelon Today
2,NRB Network,01:30,30,Dr. Marla
2,NRB Network,02:00,60,Rejoice in The Lord
2,NRB Network,03:00,30,Dr. Wonder's Workshop
2,NRB Network,03:30,30,Superbook
2,NRB Network,04:00,30,Lessons from The Bible
2,NRB Network,04:30,30,Sing God's Word
2,NRB Network,05:00,30,Gospel Time Square
2,NRB Network,05:30,30,Awesome Sci TV
2,NRB Network,06:00,30,Adventures with Ranger Joe
2,NRB Network,06:30,30,Kids' Bible Zone
2,NRB Network,07:00,60,Art with Barry Stebbing
2,NRB Network,08:00,30,The Fresh Table: Real Food for Fruitful Living
2,NRB Network,08:30,30,God Is The Master Artist
2,NRB Network,09:00,60,Steven Lawson Bible Studies
2,NRB Network,10:00,30,Bethlehem College & Seminary
2,NRB Network,10:30,30,IRBS Theological Seminary
2,NRB Network,11:00,60,C.S. Lewis Institute Programs
2,NRB Network,12:00,45,Southern Baptist Seminary Chapel
2,NRB Network,13:00,60,Agtv Teaching Hour
2,NRB Network,14:00,30,Dordt University Chapels
2,NRB Network,14:30,30,Debunked TV
2,NRB Network,15:00,30,The Marrow Show
2,NRB Network,15:30,30,CrossPolitic
2,NRB Network,16:00,30,TrueU
2,NRB Network,16:30,30,Missions Dilemma
2,NRB Network,17:00,30,Israel: The Prophetic Connection
2,NRB Network,17:30,30,Carroll Roberson
2,NRB Network,18:00,30,D. James Kennedy Min.-Truths That Transform
2,NRB Network,18:30,30,Real Life with Jack Hibbs
2,NRB Network,19:00,30,Faithwire
2,NRB Network,19:30,30,Miracle Living Today
2,NRB Network,20:00,30,Healthy Living
2,NRB Network,20:30,30,Studio 5 Uncut
2,NRB Network,21:00,30,Radical Truth
2,NRB Network,21:30,30,Wonders Without Number
2,NRB Network,22:00,30,7th Street Theater
2,NRB Network,22:30,30,TV One Life
2,NRB Network,23:00,30,Billy Graham TV Classics
2,NRB Network,23:30,29,Roots and Reflections with Barry Segal
3,CBN News,01:00,30,Global Lane
3,CBN News,01:30,30,Miracle Living Today
3,CBN News,02:00,30,700 Club Canada
3,CBN News,02:30,120,Paid Programming
3,CBN News,04:30,30,Exploring the Marketplace
3,CBN News,05:00,30,Faith vs. Culture
3,CBN News,05:30,30,TPI
3,CBN News,06:00,30,Christian World News
3,CBN News,06:30,30,Jerusalem Dateline
3,CBN News,07:00,30,Lion of Judah
3,CBN News,07:30,30,Newsmakers #
3,CBN News,08:00,30,Studio 5
3,CBN News,08:30,30,Prayer Link
3,CBN News,09:00,30,Miracle Living Today
3,CBN News,09:30,30,Bel Air Church
3,CBN News,10:00,30,Superbook #209
3,CBN News,10:30,30,Superbook #210
3,CBN News,11:00,30,Superbook #212
3,CBN News,11:30,30,Superbook #301
3,CBN News,12:00,60,First Landing
3,CBN News,13:00,60,Made In Israel
3,CBN News,14:00,30,Miracle Living Today
3,CBN News,14:30,30,Prayer Link
3,CBN News,15:00,30,Christian World News
3,CBN News,15:30,30,Jerusalem Dateline
3,CBN News,16:00,30,Healthy Living
3,CBN News,16:30,30,Global Lane
3,CBN News,17:00,30,Faith vs. Culture
3,CBN News,17:30,30,Exploring the Marketplace
3,CBN News,18:00,60,Bonanza S2 E01
3,CBN News,19:00,60,Bonanza S2 EP02
3,CBN News,20:00,90,I Am Patrick
3,CBN News,21:30,30,MARTIN LUTHER: THE REFORMATION
3,CBN News,22:00,30,Studio 5 Uncut
3,CBN News,22:30,30,Christian World News
3,CBN News,23:00,30,Miracle Living Today
3,CBN News,23:30,30,TPI
4,Mission TV,00:00,30,Currently Being Updated
4,Mission TV,00:30,30,Currently Being Updated
4,Mission TV,01:00,30,Currently Being Updated
4,Mission TV,01:30,30,Currently Being Updated
4,Mission TV,02:00,30,Currently Being Updated
4,Mission TV,02:30,30,Currently Being Updated
4,Mission TV,03:00,30,Currently Being Updated
4,Mission TV,03:30,30,Currently Being Updated
4,Mission TV,04:00,30,Currently Being Updated
4,Mission TV,04:30,30,Currently Being Updated
4,Mission TV,05:00,30,Currently Being Updated
4,Mission TV,05:30,30,Currently Being Updated
4,Mission TV,06:00,30,Currently Being Updated
4,Mission TV,06:30,30,Currently Being Updated
4,Mission TV,07:00,30,Currently Being Updated
4,Mission TV,07:30,30,Currently Being Updated
4,Mission TV,08:00,30,Currently Being Updated
4,Mission TV,08:30,30,Currently Being Updated
4,Mission TV,09:00,30,Currently Being Updated
4,Mission TV,09:30,30,Currently Being Updated
4,Mission TV,10:00,30,Currently Being Updated
4,Mission TV,10:30,30,Currently Being Updated
4,Mission TV,11:00,30,Currently Being Updated
4,Mission TV,11:30,30,Currently Being Updated
4,Mission TV,12:00,30,Currently Being Updated
4,Mission TV,12:30,30,Currently Being Updated
4,Mission TV,13:00,30,Currently Being Updated
4,Mission TV,13:30,30,Currently Being Updated
4,Mission TV,14:00,30,Currently Being Updated
4,Mission TV,14:30,30,Currently Being Updated
4,Mission TV,15:00,30,Currently Being Updated
4,Mission TV,15:30,30,Currently Being Updated
4,Mission TV,16:00,30,Currently Being Updated
4,Mission TV,16:30,30,Currently Being Updated
4,Mission TV,17:00,30,Currently Being Updated
4,Mission TV,17:30,30,Currently Being Updated
4,Mission TV,18:00,30,Currently Being Updated
4,Mission TV,18:30,30,Currently Being Updated
4,Mission TV,19:00,30,Currently Being Updated
4,Mission TV,19:30,30,Currently Being Updated
4,Mission TV,20:00,30,Currently Being Updated
4,Mission TV,20:30,30,Currently Being Updated
4,Mission TV,21:00,30,Currently Being Updated
4,Mission TV,21:30,30,Currently Being Updated
4,Mission TV,22:00,30,Currently Being Updated
4,Mission TV,22:30,30,Currently Being Updated
4,Mission TV,23:00,30,Currently Being Updated
4,Mission TV,23:30,30,Currently Being Updated
5,Christian Youth Channel,00:00,30,Currently Being Updated
5,Christian Youth Channel,00:30,30,Currently Being Updated
5,Christian Youth Channel,01:00,30,Currently Being Updated
5,Christian Youth Channel,01:30,30,Currently Being Updated
5,Christian Youth Channel,02:00,30,Currently Being Updated
5,Christian Youth Channel,02:30,30,Currently Being Updated
5,Christian Youth Channel,03:00,30,Currently Being Updated
5,Christian Youth Channel,03:30,30,Currently Being Updated
5,Christian Youth Channel,04:00,30,Currently Being Updated
5,Christian Youth Channel,04:30,30,Currently Being Updated
5,Christian Youth Channel,05:00,30,Currently Being Updated
5,Christian Youth Channel,05:30,30,Currently Being Updated
5,Christian Youth Channel,06:00,30,Currently Being Updated
5,Christian Youth Channel,06:30,30,Currently Being Updated
5,Christian Youth Channel,07:00,30,Currently Being Updated
5,Christian Youth Channel,07:30,30,Currently Being Updated
5,Christian Youth Channel,08:00,30,Currently Being Updated
5,Christian Youth Channel,08:30,30,Currently Being Updated
5,Christian Youth Channel,09:00,30,Currently Being Updated
5,Christian Youth Channel,09:30,30,Currently Being Updated
5,Christian Youth Channel,10:00,30,Currently Being Updated
5,Christian Youth Channel,10:30,30,Currently Being Updated
5,Christian Youth Channel,11:00,30,Currently Being Updated
5,Christian Youth Channel,11:30,30,Currently Being Updated
5,Christian Youth Channel,12:00,30,Currently Being Updated
5,Christian Youth Channel,12:30,30,Currently Being Updated
5,Christian Youth Channel,13:00,30,Currently Being Updated
5,Christian Youth Channel,13:30,30,Currently Being Updated
5,Christian Youth Channel,14:00,30,Currently Being Updated
5,Christian Youth Channel,14:30,30,Currently Being Updated
5,Christian Youth Channel,15:00,30,Currently Being Updated
5,Christian Youth Channel,15:30,30,Currently Being Updated
5,Christian Youth Channel,16:00,30,Currently Being Updated
5,Christian Youth Channel,16:30,30,Currently Being Updated
5,Christian Youth Channel,17:00,30,Currently Being Updated
5,Christian Youth Channel,17:30,30,Currently Being Updated
5,Christian Youth Channel,18:00,30,Currently Being Updated
5,Christian Youth Channel,18:30,30,Currently Being Updated
5,Christian Youth Channel,19:00,30,Currently Being Updated
5,Christian Youth Channel,19:30,30,Currently Being Updated
5,Christian Youth Channel,20:00,30,Currently Being Updated
5,Christian Youth Channel,20:30,30,Currently Being Updated
5,Christian Youth Channel,21:00,30,Currently Being Updated
5,Christian Youth Channel,21:30,30,Currently Being Updated
5,Christian Youth Channel,22:00,30,Currently Being Updated
5,Christian Youth Channel,22:30,30,Currently Being Updated
5,Christian Youth Channel,23:00,30,Currently Being Updated
5,Christian Youth Channel,23:30,30,Currently Being Updated
6,Total Living Network,00:00,30,Love Living Life
6,Total Living Network,00:30,30,Life Improvement
6,Total Living Network,01:00,30,Exalted Higher
6,Total Living Network,01:30,30,Pure Passion
6,Total Living Network,02:00,60,Radiant TV
6,Total Living Network,03:00,30,Life Improvement
6,Total Living Network,03:30,60,Life Enrichment
6,Total Living Network,04:30,30,Lindner's Angling Edge
6,Total Living Network,05:00,90,Life Enrichment
6,Total Living Network,06:30,30,Oasis Connection
6,Total Living Network,07:00,30,Superbook
6,Total Living Network,07:30,30,The Calvary Kids Show
6,Total Living Network,08:00,30,Dr. Wonders Worshop
6,Total Living Network,08:30,30,Ignite Your Light Kids
6,Total Living Network,09:00,30,Good Time Kids
6,Total Living Network,09:30,30,Kid's Beach Club
6,Total Living Network,10:00,210,Life Enrichment
6,Total Living Network,13:30,30,Sweet Spirit
6,Total Living Network,14:00,30,Healthy Living
6,Total Living Network,14:30,30,The Bible is Right
6,Total Living Network,15:00,60,Life Enrichment
6,Total Living Network,16:00,60,Liberty University Convocation
6,Total Living Network,17:00,30,Exalted Higher
6,Total Living Network,17:30,60,Pacific Garden Mission
6,Total Living Network,18:30,30,In Grace
6,Total Living Network,19:00,30,Wretched TV
6,Total Living Network,19:30,30,Hablemos With Shando Valdez
6,Total Living Network,20:00,30,Pure Passion - Espanol
6,Total Living Network,20:30,30,Nuevas De Gran Gozo
6,Total Living Network,21:00,30,Realidades from Willie Maldonado Ministriers
6,Total Living Network,21:30,30,Way of the Master 2019 - Espanol
6,Total Living Network,22:00,60,Life Improvement
6,Total Living Network,23:00,30,Next Level Health
6,Total Living Network,23:30,30,It is written
7,The Western Channel,00:00,30,Currently Being Updated
7,The Western Channel,00:30,30,Currently Being Updated
7,The Western Channel,01:00,30,Currently Being Updated
7,The Western Channel,01:30,30,Currently Being Updated
7,The Western Channel,02:00,30,Currently Being Updated
7,The Western Channel,02:30,30,Currently Being Updated
7,The Western Channel,03:00,30,Currently Being Updated
7,The Western Channel,03:30,30,Currently Being Updated
7,The Western Channel,04:00,30,Currently Being Updated
7,The Western Channel,04:30,30,Currently Being Updated
7,The Western Channel,05:00,30,Currently Being Updated
7,The Western Channel,05:30,30,Currently Being Updated
7,The Western Channel,06:00,30,Currently Being Updated
7,The Western Channel,06:30,30,Currently Being Updated
7,The Western Channel,07:00,30,Currently Being Updated
7,The Western Channel,07:30,30,Currently Being Updated
7,The Western Channel,08:00,30,Currently Being Updated
7,The Western Channel,08:30,30,Currently Being Updated
7,The Western Channel,09:00,30,Currently Being Updated
7,The Western Channel,09:30,30,Currently Being Updated
7,The Western Channel,10:00,30,Currently Being Updated
7,The Western Channel,10:30,30,Currently Being Updated
7,The Western Channel,11:00,30,Currently Being Updated
7,The Western Channel,11:30,30,Currently Being Updated
7,The Western Channel,12:00,30,Currently Being Updated
7,The Western Channel,12:30,30,Currently Being Updated
7,The Western Channel,13:00,30,Currently Being Updated
7,The Western Channel,13:30,30,Currently Being Updated
7,The Western Channel,14:00,30,Currently Being Updated
7,The Western Channel,14:30,30,Currently Being Updated
7,The Western Channel,15:00,30,Currently Being Updated
7,The Western Channel,15:30,30,Currently Being Updated
7,The Western Channel,16:00,30,Currently Being Updated
7,The Western Channel,16:30,30,Currently Being Updated
7,The Western Channel,17:00,30,Currently Being Updated
7,The Western Channel,17:30,30,Currently Being Updated
7,The Western Channel,18:00,30,Currently Being Updated
7,The Western Channel,18:30,30,Currently Being Updated
7,The Western Channel,19:00,30,Currently Being Updated
7,The Western Channel,19:30,30,Currently Being Updated
7,The Western Channel,20:00,30,Currently Being Updated
7,The Western Channel,20:30,30,Currently Being Updated
7,The Western Channel,21:00,30,Currently Being Updated
7,The Western Channel,21:30,30,Currently Being Updated
7,The Western Channel,22:00,30,Currently Being Updated
7,The Western Channel,22:30,30,Currently Being Updated
7,The Western Channel,23:00,30,Currently Being Updated
7,The Western Channel,23:30,30,Currently Being Updated
8,KSCE Life! End Times TV,00:00,30,Jewish Voice With Jonathan Bernis
8,KSCE Life! End Times TV,00:30,30,Brian Houston TV
8,KSCE Life! End Times TV,01:00,30,TV One Life
8,KSCE Life! End Times TV,01:30,30,MXTV
8,KSCE Life! End Times TV,02:00,30,Brian Houston TV
8,KSCE Life! End Times TV,02:30,60,The Gaither Gospel Hour
8,KSCE Life! End Times TV,03:30,30,Life Outreach International
8,KSCE Life! End Times TV,04:00,60,In Touch
8,KSCE Life! End Times TV,05:00,30,The Walk
8,KSCE Life! End Times TV,05:30,30,Time To Sing
8,KSCE Life! End Times TV,06:00,30,Gospel Time Square
8,KSCE Life! End Times TV,06:30,30,Maralee Dawn And Friends
8,KSCE Life! End Times TV,07:00,30,Monster Truck Adventures
8,KSCE Life! End Times TV,07:30,30,Story Keepers
8,KSCE Life! End Times TV,08:00,30,12 Keys To Choosing Our Next Prime Minister
8,KSCE Life! End Times TV,08:30,30,Creation Magazine Live
8,KSCE Life! End Times TV,09:00,30,Jewish Voice With Jonathan Bernis
8,KSCE Life! End Times TV,09:30,30,Leon Fontaine - The Spirit Contemporary Life
8,KSCE Life! End Times TV,10:00,30,Surerword Tv
8,KSCE Life! End Times TV,10:30,30,Joseph Prince
8,KSCE Life! End Times TV,11:00,30,Genesis Week
8,KSCE Life! End Times TV,11:30,30,This Is Your Story
8,KSCE Life! End Times TV,12:00,30,Context Beyond The Headlines
8,KSCE Life! End Times TV,12:30,30,Calgary Life Church TV
8,KSCE Life! End Times TV,13:00,30,Faith Alive Show
8,KSCE Life! End Times TV,13:30,30,Tribal Trails
8,KSCE Life! End Times TV,14:00,30,Leon Fontaine - The Spirit Contemporary Life
8,KSCE Life! End Times TV,14:30,30,Life TV
8,KSCE Life! End Times TV,15:00,30,Christians And Jews
8,KSCE Life! End Times TV,15:30,60,The Gaither Gospel Hour
8,KSCE Life! End Times TV,16:30,60,Bridge City News: Weekend Edition
8,KSCE Life! End Times TV,17:30,30,Revival Harvest
8,KSCE Life! End Times TV,18:00,120,Joseph And His Brethren
8,KSCE Life! End Times TV,20:00,30,Leon Fontaine - The Spirit Contemporary Life
8,KSCE Life! End Times TV,20:30,30,Celebration Church
8,KSCE Life! End Times TV,21:00,30,Creation Magazine Live
8,KSCE Life! End Times TV,21:30,30,12 Keys To Choosing Our Next Prime Minister
8,KSCE Life! End Times TV,22:00,60,Bridge City News: Weekend Edition
8,KSCE Life! End Times TV,23:00,60,The Gaither Gospel Hour
9,Impact Network,00:00,30.0,Transparency Ministries
9,Impact Network,00:30,30.0,The Lesson With Dr. Glenn Plummer
9,Impact Network,01:00,60.0,Miracles Do Happen With Apostle Wayne T. Jackson
9,Impact Network,02:00,60.0,Ever Increasing Faith With Dr. Frederick K.C. Price
9,Impact Network,03:00,120.0,Inspiration Ministries Camp Meeting
9,Impact Network,05:00,30.0,The Church 3:20 With Bishop Stanley Williams
9,Impact Network,05:30,30.0,Jewish Voice
9,Impact Network,06:00,60.0,Maximize Living Today With Bishop I.V. Hilliard
9,Impact Network,07:00,60.0,National Action Network
9,Impact Network,08:00,30.0,Tomorrow's World
9,Impact Network,08:30,-1410.0,Bishop J Drew Sheard Ministries
9,Impact Network,15:00,30.0,Transparency Ministries
9,Impact Network,15:30,30.0,Bobby Jones Presents
9,Impact Network,16:00,30.0,The CrossOver With Bishop Clarence Langston
9,Impact Network,16:30,30.0,Prosper Through Prophecy With Prophet Fred Brame
9,Impact Network,17:00,60.0,Maximize Living Today With Bishop I.V. Hilliard
9,Impact Network,18:00,60.0,Miracles Do Happen With Apostle Wayne T. Jackson
9,Impact Network,19:00,30.0,Prosper Through Prophecy With Prophet Fred Brame
9,Impact Network,19:30,30.0,Inspired Family Life With Dr. David Jefferson
9,Impact Network,20:00,30.0,The Church of Our Lord Jesus Christ
9,Impact Network,20:30,30.0,PHD Ministries
9,Impact Network,21:00,30.0,Miracles Do Happen With Apostle Wayne T. Jackson
9,Impact Network,21:30,30.0,Miracles Do Happen With Apostle Wayne T. Jackson
9,Impact Network,22:00,30.0,Time 4 Video Gospel With Dr. Bobby Jones
9,Impact Network,22:30,30.0,230 Herbs with Greg Gunn
9,Impact Network,23:00,30.0,Changing a Generation With Bishop Paul Morton
9,Impact Network,23:30,30.0,Jewish Voice
9,Impact Network,09:30,60.0,Ever Increasing Faith With Dr. Fred Price
9,Impact Network,10:30,30.0,Bill Winston Ministries
9,Impact Network,11:00,60.0,In Touch With Dr. Charles Stanley
9,Impact Network,12:00,30.0,Mt. Carmel Baptist With Pastor Timothy Flemming
9,Impact Network,12:30,30.0,Robin Davis Ministries
9,Impact Network,13:00,30.0,March of Faith
10,Amazing Facts TV,00:00,30,Currently Being Updated
10,Amazing Facts TV,00:30,30,Currently Being Updated
10,Amazing Facts TV,01:00,30,Currently Being Updated
10,Amazing Facts TV,01:30,30,Currently Being Updated
10,Amazing Facts TV,02:00,30,Currently Being Updated
10,Amazing Facts TV,02:30,30,Currently Being Updated
10,Amazing Facts TV,03:00,30,Currently Being Updated
10,Amazing Facts TV,03:30,30,Currently Being Updated
10,Amazing Facts TV,04:00,30,Currently Being Updated
10,Amazing Facts TV,04:30,30,Currently Being Updated
10,Amazing Facts TV,05:00,30,Currently Being Updated
10,Amazing Facts TV,05:30,30,Currently Being Updated
10,Amazing Facts TV,06:00,30,Currently Being Updated
10,Amazing Facts TV,06:30,30,Currently Being Updated
10,Amazing Facts TV,07:00,30,Currently Being Updated
10,Amazing Facts TV,07:30,30,Currently Being Updated
10,Amazing Facts TV,08:00,30,Currently Being Updated
10,Amazing Facts TV,08:30,30,Currently Being Updated
10,Amazing Facts TV,09:00,30,Currently Being Updated
10,Amazing Facts TV,09:30,30,Currently Being Updated
10,Amazing Facts TV,10:00,30,Currently Being Updated
10,Amazing Facts TV,10:30,30,Currently Being Updated
10,Amazing Facts TV,11:00,30,Currently Being Updated
10,Amazing Facts TV,11:30,30,Currently Being Updated
10,Amazing Facts TV,12:00,30,Currently Being Updated
10,Amazing Facts TV,12:30,30,Currently Being Updated
10,Amazing Facts TV,13:00,30,Currently Being Updated
10,Amazing Facts TV,13:30,30,Currently Being Updated
10,Amazing Facts TV,14:00,30,Currently Being Updated
10,Amazing Facts TV,14:30,30,Currently Being Updated
10,Amazing Facts TV,15:00,30,Currently Being Updated
10,Amazing Facts TV,15:30,30,Currently Being Updated
10,Amazing Facts TV,16:00,30,Currently Being Updated
10,Amazing Facts TV,16:30,30,Currently Being Updated
10,Amazing Facts TV,17:00,30,Currently Being Updated
10,Amazing Facts TV,17:30,30,Currently Being Updated
10,Amazing Facts TV,18:00,30,Currently Being Updated
10,Amazing Facts TV,18:30,30,Currently Being Updated
10,Amazing Facts TV,19:00,30,Currently Being Updated
10,Amazing Facts TV,19:30,30,Currently Being Updated
10,Amazing Facts TV,20:00,30,Currently Being Updated
10,Amazing Facts TV,20:30,30,Currently Being Updated
10,Amazing Facts TV,21:00,30,Currently Being Updated
10,Amazing Facts TV,21:30,30,Currently Being Updated
10,Amazing Facts TV,22:00,30,Currently Being Updated
10,Amazing Facts TV,22:30,30,Currently Being Updated
10,Amazing Facts TV,23:00,30,Currently Being Updated
10,Amazing Facts TV,23:30,30,Currently Being Updated
11,THE WALK TV,00:00,30,Roy Rogers
11,THE WALK TV,00:30,30,Shotgun Slade
11,THE WALK TV,01:00,120,Radiant TV
11,THE WALK TV,03:00,30,Beverly Exercise
11,THE WALK TV,03:30,30,Laura McKenzie Trav.
11,THE WALK TV,04:00,30,Ultimate Outdoors
11,THE WALK TV,04:30,30,Ron Hazelton’s Housecalls
11,THE WALK TV,05:00,30,"Ready, Set, Renovate"
11,THE WALK TV,05:30,30,Kentucky Afield
11,THE WALK TV,06:00,30,Spiritual Outdoor Adventures
11,THE WALK TV,06:30,30,Jimmy Houston Outdoors
11,THE WALK TV,07:00,30,Outdoors with Joey Mines
11,THE WALK TV,07:30,30,Expedition: Texas
11,THE WALK TV,08:00,30,Lindner’s Angling Edge
11,THE WALK TV,08:30,30,Wingshooting USA
11,THE WALK TV,09:00,30,Sporting Dog Adventures
11,THE WALK TV,09:30,30,My Heart is in Carolina
11,THE WALK TV,10:00,30,Tennessee’s Wild Side
11,THE WALK TV,10:30,30,Lindner’s Angling Edge
11,THE WALK TV,11:00,60,Boundless
11,THE WALK TV,12:00,120,Products for Healthy Living
11,THE WALK TV,14:00,30,Chasing Down Madison Brown
11,THE WALK TV,14:30,30,Small Town Big Deal
11,THE WALK TV,15:00,30,Harmony Road
11,THE WALK TV,15:30,30,Just Keep Singing
11,THE WALK TV,16:00,30,Great American Gospel
11,THE WALK TV,16:30,30,Am. Gospel OnStage
11,THE WALK TV,17:00,30,Gospel Music USA
11,THE WALK TV,17:30,30,Josh and Ashley
11,THE WALK TV,18:00,30,Great American Bluegrass
11,THE WALK TV,18:30,30,Down Home Gospel Classics
11,THE WALK TV,19:00,60,Gaither Homecoming
11,THE WALK TV,20:00,60,Las Vegas Tonight
11,THE WALK TV,21:00,30,Password
11,THE WALK TV,21:30,30,What’s My Line?
11,THE WALK TV,22:00,30,You Bet Your Life
11,THE WALK TV,22:30,30,You Bet Your Life
11,THE WALK TV,23:00,60,The Walk TV Late Movie
12,ICFN,00:00,60,Testimony Time
12,ICFN,01:00,30,Kutsal Yazilar
12,ICFN,01:30,30,Christian Turkish Program
12,ICFN,02:00,60,Emmanuel Armenia
12,ICFN,03:00,60,The 700 Club
12,ICFN,04:00,30,Real Life
12,ICFN,04:30,30,Newswatch
12,ICFN,05:00,30,Tamame Ketab
12,ICFN,05:30,30,Christian Farsi Program
12,ICFN,06:00,120,Djechmardoutian Khoske
12,ICFN,08:00,30,Faith on Film
12,ICFN,08:30,30,Focus on the Family
12,ICFN,09:00,30,Come Home
12,ICFN,09:30,30,The Mum Show
12,ICFN,10:00,60,ICFN Children's Hour
12,ICFN,11:00,30,The Elena & Natalia Show
12,ICFN,11:30,30,Studio 5
12,ICFN,12:00,30,TPi: Turning Point International
12,ICFN,12:30,30,The Prayer Link
12,ICFN,13:00,30,Proverbs 31 Ministries
12,ICFN,13:30,30,Isik Abla
12,ICFN,14:00,30,Way of the Master
12,ICFN,14:30,30,Messenger International
12,ICFN,15:00,30,The Global Lane
12,ICFN,15:30,30,Newsmakers
12,ICFN,16:00,30,Rev. Serop Megerditchian
12,ICFN,16:30,30,Andrew Wommack Ministries
12,ICFN,17:00,60,New Generation Church Armenia
12,ICFN,18:00,60,Song of Songs Church
12,ICFN,19:00,60,First Armenian Evangelical Church of Montreal
12,ICFN,20:00,60,Spring of Life Church Lebanon
12,ICFN,21:00,60,Orhnerk Outreach Ministries
12,ICFN,22:00,120,Movie
13,MNN SPIRIT CHANNEL,00:00,30,Currently Being Updated
13,MNN SPIRIT CHANNEL,00:30,30,Currently Being Updated
13,MNN SPIRIT CHANNEL,01:00,30,Currently Being Updated
13,MNN SPIRIT CHANNEL,01:30,30,Currently Being Updated
13,MNN SPIRIT CHANNEL,02:00,30,Currently Being Updated
13,MNN SPIRIT CHANNEL,02:30,30,Currently Being Updated
13,MNN SPIRIT CHANNEL,03:00,30,Currently Being Updated
13,MNN SPIRIT CHANNEL,03:30,30,Currently Being Updated
13,MNN SPIRIT CHANNEL,04:00,30,Currently Being Updated
13,MNN SPIRIT CHANNEL,04:30,30,Currently Being Updated
13,MNN SPIRIT CHANNEL,05:00,30,Currently Being Updated
13,MNN SPIRIT CHANNEL,05:30,30,Currently Being Updated
13,MNN SPIRIT CHANNEL,06:00,30,Currently Being Updated
13,MNN SPIRIT CHANNEL,06:30,30,Currently Being Updated
13,MNN SPIRIT CHANNEL,07:00,30,Currently Being Updated
13,MNN SPIRIT CHANNEL,07:30,30,Currently Being Updated
13,MNN SPIRIT CHANNEL,08:00,30,Currently Being Updated
13,MNN SPIRIT CHANNEL,08:30,30,Currently Being Updated
13,MNN SPIRIT CHANNEL,09:00,30,Currently Being Updated
13,MNN SPIRIT CHANNEL,09:30,30,Currently Being Updated
13,MNN SPIRIT CHANNEL,10:00,30,Currently Being Updated
13,MNN SPIRIT CHANNEL,10:30,30,Currently Being Updated
13,MNN SPIRIT CHANNEL,11:00,30,Currently Being Updated
13,MNN SPIRIT CHANNEL,11:30,30,Currently Being Updated
13,MNN SPIRIT CHANNEL,12:00,30,Currently Being Updated
13,MNN SPIRIT CHANNEL,12:30,30,Currently Being Updated
13,MNN SPIRIT CHANNEL,13:00,30,Currently Being Updated
13,MNN SPIRIT CHANNEL,13:30,30,Currently Being Updated
13,MNN SPIRIT CHANNEL,14:00,30,Currently Being Updated
13,MNN SPIRIT CHANNEL,14:30,30,Currently Being Updated
13,MNN SPIRIT CHANNEL,15:00,30,Currently Being Updated
13,MNN SPIRIT CHANNEL,15:30,30,Currently Being Updated
13,MNN SPIRIT CHANNEL,16:00,30,Currently Being Updated
13,MNN SPIRIT CHANNEL,16:30,30,Currently Being Updated
13,MNN SPIRIT CHANNEL,17:00,30,Currently Being Updated
13,MNN SPIRIT CHANNEL,17:30,30,Currently Being Updated
13,MNN SPIRIT CHANNEL,18:00,30,Currently Being Updated
13,MNN SPIRIT CHANNEL,18:30,30,Currently Being Updated
13,MNN SPIRIT CHANNEL,19:00,30,Currently Being Updated
13,MNN SPIRIT CHANNEL,19:30,30,Currently Being Updated
13,MNN SPIRIT CHANNEL,20:00,30,Currently Being Updated
13,MNN SPIRIT CHANNEL,20:30,30,Currently Being Updated
13,MNN SPIRIT CHANNEL,21:00,30,Currently Being Updated
13,MNN SPIRIT CHANNEL,21:30,30,Currently Being Updated
13,MNN SPIRIT CHANNEL,22:00,30,Currently Being Updated
13,MNN SPIRIT CHANNEL,22:30,30,Currently Being Updated
13,MNN SPIRIT CHANNEL,23:00,30,Currently Being Updated
13,MNN SPIRIT CHANNEL,23:30,30,Currently Being Updated
14,3ABN Russia,04:00,60,Madison Avenue Baptist Church 
14,3ABN Russia,06:30,30,Church Alive
14,3ABN Russia,07:00,60,The Bible Speaks
14,3ABN Russia,08:00,30,EL AMIGO LEAL TE VE
14,3ABN Russia,08:30,30,EL MAESTRO
14,3ABN Russia,09:00,60,Palabra de Vida liberacion
14,3ABN Russia,10:00,60,Friendly Hands Ministry Informa
14,3ABN Russia,11:00,60,Roca de mi Salvacion
14,3ABN Russia,12:00,30,Fox Concepts Pitch
14,3ABN Russia,12:30,30,The Pearl Hale Show
14,3ABN Russia,15:00,30,Expositions of Grace
14,3ABN Russia,18:00,30,"Science, Health and Healing"
14,3ABN Russia,19:30,30,DavaRhema Ministries
14,3ABN Russia,20:30,30,Weirdos.TV
15,SAT7 PARS,00:00,31,Heaven on Earth 12+
15,SAT7 PARS,00:31,19,Me and my character 12+
15,SAT7 PARS,00:50,10,There is a way out 12+
15,SAT7 PARS,01:00,30,Reviving Russia 12+
15,SAT7 PARS,01:30,27,The Secret of Life 12+
15,SAT7 PARS,01:57,3,Music 0+
15,SAT7 PARS,02:00,3,Your Word 12+
15,SAT7 PARS,02:03,29,Revival 12+
15,SAT7 PARS,02:32,4,Music 0+
15,SAT7 PARS,02:36,18,It is considered 12+
15,SAT7 PARS,02:54,6,Bible Stories 0+
15,SAT7 PARS,03:00,23,Bible 12+
15,SAT7 PARS,03:23,4,Music 0+
15,SAT7 PARS,03:27,20,Pit Stop 12+
15,SAT7 PARS,03:47,13,Aunt Ry and her friends 0+
15,SAT7 PARS,04:00,10,Edge of events 12+
15,SAT7 PARS,04:10,20,Soul Contrasts 12+
15,SAT7 PARS,04:30,5,Music 0+
15,SAT7 PARS,04:35,21,Fun School of Health 0+
15,SAT7 PARS,04:56,4,Children's music 0+
15,SAT7 PARS,05:00,60,Territory of reality 12+
15,SAT7 PARS,06:00,20,Believe 12+
15,SAT7 PARS,06:20,3,Music 0+
15,SAT7 PARS,06:23,17,Whole in Fragment 12+
15,SAT7 PARS,06:40,15,Really 6+
15,SAT7 PARS,06:55,5,Children's music 0+
15,SAT7 PARS,07:00,29,Totally NON-Secret 16+
15,SAT7 PARS,07:29,3,Music 0+
15,SAT7 PARS,07:32,21,Hello 12+
15,SAT7 PARS,07:53,7,Useful minute 12+
15,SAT7 PARS,08:00,32,Heaven on Earth 12+
15,SAT7 PARS,08:32,19,Me and My Character 12+
15,SAT7 PARS,08:51,9,There is a way out 12+
15,SAT7 PARS,09:00,30,Reviving Russia 12+
15,SAT7 PARS,09:30,27,Mystery of Life 12+
15,SAT7 PARS,09:57,3,Music 0+
15,SAT7 PARS,10:00,3,Your Word 12+
15,SAT7 PARS,10:03,31,Revival 12+
15,SAT7 PARS,10:34,4,Music 0+
15,SAT7 PARS,10:38,4,Real God 12+
15,SAT7 PARS,10:42,18,It is accepted to count 12+
15,SAT7 PARS,11:00,3,Reviving Russia (interview) 12+
15,SAT7 PARS,11:03,19,Soul Contrasts 12+
15,SAT7 PARS,11:22,5,Music 0+
15,SAT7 PARS,11:27,29,"In other words, 12+"
15,SAT7 PARS,11:56,4,A point-blank question 12+
15,SAT7 PARS,12:00,41,Visiting TRK Three Angels 12+
15,SAT7 PARS,12:41,4,Music 0+
15,SAT7 PARS,12:45,15,Independence 16+
15,SAT7 PARS,13:00,28,Open Book 12+
15,SAT7 PARS,13:28,4,Music 0+
15,SAT7 PARS,13:32,19,Man and woman created them 12+
15,SAT7 PARS,13:51,9,Workshop of Good Deeds 6+
15,SAT7 PARS,14:00,29,Totally NOT secret 16+
15,SAT7 PARS,14:29,3,Music 0+
15,SAT7 PARS,14:32,28,Seven with a Spoon 12+
15,SAT7 PARS,15:00,8,There is a way out 12+
15,SAT7 PARS,15:08,28,Open Book 12+
15,SAT7 PARS,15:36,3,Music 0+
15,SAT7 PARS,15:39,21,Fun School of Health 0+
15,SAT7 PARS,16:00,4,Your Word 12+
15,SAT7 PARS,16:04,27,Revival 12+
15,SAT7 PARS,16:31,3,Unanswered .NET 12+
15,SAT7 PARS,16:34,5,Music 0+
15,SAT7 PARS,16:39,17,It is considered 12+
15,SAT7 PARS,16:56,4,Bible & Nature 0+
15,SAT7 PARS,17:00,21,Soul Contrasts 12+
15,SAT7 PARS,17:21,4,Music 0+
15,SAT7 PARS,17:25,17,Man and woman were created by them 12+
15,SAT7 PARS,17:42,18,Cooking Together 6+
15,SAT7 PARS,18:00,8,Lifetime Work 12+
15,SAT7 PARS,18:08,29,Mystery of Life 12+
15,SAT7 PARS,18:37,5,Music 0+
15,SAT7 PARS,18:42,18,Taste Filmed 6+
15,SAT7 PARS,19:00,5,Everyday Blessings 12+
15,SAT7 PARS,19:05,19,I believe 12+
15,SAT7 PARS,19:24,4,Music 0+
15,SAT7 PARS,19:28,32,"In other words, 12+"
15,SAT7 PARS,20:00,14,More fun together 6+
15,SAT7 PARS,20:14,40,Visiting TRK Tri Angels 12+
15,SAT7 PARS,20:54,6,Music 0+
15,SAT7 PARS,21:00,28,If love ... 12+
15,SAT7 PARS,21:28,4,Music 0+
15,SAT7 PARS,21:32,20,Find your way 12+
15,SAT7 PARS,21:52,8,Workshop of good deeds 6+
15,SAT7 PARS,22:00,28,Knowing the Truth 12+
15,SAT7 PARS,22:28,3,Music 0+
15,SAT7 PARS,22:31,29,Nine-tenths of happiness 12+
15,SAT7 PARS,23:00,55,Territory of reality 12+
15,SAT7 PARS,23:55,5,Music 0+
16,SAT7 TURK,00:00,60,Christian Marriage
16,SAT7 TURK,01:00,30,H2O - A Journey of Faith
16,SAT7 TURK,01:30,120,Marriage Retreat
16,SAT7 TURK,03:30,60,Live Dari_Secret of Life
16,SAT7 TURK,04:30,30,TBA
16,SAT7 TURK,05:00,30,Stories of Robin and Narshin
16,SAT7 TURK,05:30,90,Christopher's Dream
16,SAT7 TURK,07:00,30,Insiders Lens
16,SAT7 TURK,07:30,45,Love Your God with All Your Mind
16,SAT7 TURK,08:15,30,Sound of Worship
16,SAT7 TURK,08:45,60,Cedar Cove
16,SAT7 TURK,09:45,45,Scripture and Life Crisis
16,SAT7 TURK,10:30,120,Movie
16,SAT7 TURK,12:30,45,Romans for You
16,SAT7 TURK,13:15,45,Mosaic - The Life of the Apostle Peter
16,SAT7 TURK,14:00,60,Christian Marriage
16,SAT7 TURK,15:00,30,H2O - A Journey of Faith
16,SAT7 TURK,15:30,60,New Identity
16,SAT7 TURK,16:30,30,Sound of Worship
16,SAT7 TURK,17:00,120,Johnny
16,SAT7 TURK,19:00,15,Spiritual Mouthfuls_Shemiran Daniel
16,SAT7 TURK,19:15,15,Psalms Fillers
16,SAT7 TURK,19:30,30,Telling Truth_Hebrews
16,SAT7 TURK,20:00,30,Under Magnifying Glass
16,SAT7 TURK,20:30,15,City Of Dreams
16,SAT7 TURK,20:45,45,Hermie and Friends: To Share or Nut to Share
16,SAT7 TURK,21:30,60,Hashtag Live CYP
16,SAT7 TURK,22:30,30,Wild Lives
16,SAT7 TURK,23:00,60,Insider
17,SAT7 ARABIC,00:00,30,Little Evangelist Paul
17,SAT7 ARABIC,00:30,90,A Kitchen A Story
17,SAT7 ARABIC,02:00,110,Delicious Chats
17,SAT7 ARABIC,03:50,100,Our Daily Bread
17,SAT7 ARABIC,05:30,30,One Bicycle Seven Churches
17,SAT7 ARABIC,06:00,120,Little Evangelist Paul
17,SAT7 ARABIC,08:00,120,Tetelestai
17,SAT7 ARABIC,10:00,195,Heart of the City
17,SAT7 ARABIC,13:15,105,Beyond Sight
17,SAT7 ARABIC,15:00,420,Bible Readings
17,SAT7 ARABIC,22:00,70,180 Degrees with Christ
17,SAT7 ARABIC,23:10,50,The Perfect Plan
18,GOOD LIFE 45,01:00,60,Enter your heart a new light
18,GOOD LIFE 45,02:00,60,Ask Dr. Deft
18,GOOD LIFE 45,03:30,30,Fierce planet earth
18,GOOD LIFE 45,04:00,90,The Charity Man
18,GOOD LIFE 45,06:00,30,Psalms and Hymns
18,GOOD LIFE 45,06:30,15,New Day
18,GOOD LIFE 45,07:00,10,Khoury Fund
18,GOOD LIFE 45,07:15,15,Sermon on the Mount
18,GOOD LIFE 45,07:30,30,As in the sky
18,GOOD LIFE 45,08:00,120,The weekly meeting of the Qasr Al-Dobara church
18,GOOD LIFE 45,10:00,45,Follow Up
18,GOOD LIFE 45,11:00,90,From heart to heart
18,GOOD LIFE 45,12:30,90,Taken by Grace
18,GOOD LIFE 45,14:30,30,You are not alone
18,GOOD LIFE 45,15:00,90,My church in Algeria
18,GOOD LIFE 45,16:30,30,In hope
18,GOOD LIFE 45,17:00,30,How are you and Christ?
18,GOOD LIFE 45,17:30,10,Khoury Fund
18,GOOD LIFE 45,17:45,15,Sermon on the Mount
18,GOOD LIFE 45,18:00,90,The Charity Man
18,GOOD LIFE 45,20:00,115,Spiritual evening
18,GOOD LIFE 45,22:00,60,Ask Dr. Deft
18,GOOD LIFE 45,23:00,60,Coach
20,GEB America,00:00,30,Christian Music
20,GEB America,00:30,30,Christian Music
20,GEB America,01:00,30,Christian Music
20,GEB America,01:30,30,Christian Music
20,GEB America,02:00,30,Christian Music
20,GEB America,02:30,30,Christian Music
20,GEB America,03:00,30,Christian Music
20,GEB America,03:30,30,Christian Music
20,GEB America,04:00,30,Christian Music
20,GEB America,04:30,30,Christian Music
20,GEB America,05:00,30,Christian Music
20,GEB America,05:30,30,Christian Music
20,GEB America,06:00,30,Christian Music
20,GEB America,06:30,30,Christian Music
20,GEB America,07:00,30,Christian Music
20,GEB America,07:30,30,Christian Music
20,GEB America,08:00,30,Christian Music
20,GEB America,08:30,30,Christian Music
20,GEB America,09:00,30,Christian Music
20,GEB America,09:30,30,Christian Music
20,GEB America,10:00,30,Christian Music
20,GEB America,10:30,30,Christian Music
20,GEB America,11:00,30,Christian Music
20,GEB America,11:30,30,Christian Music
20,GEB America,12:00,30,Christian Music
20,GEB America,12:30,30,Christian Music
20,GEB America,13:00,30,Christian Music
20,GEB America,13:30,30,Christian Music
20,GEB America,14:00,30,Christian Music
20,GEB America,14:30,30,Christian Music
20,GEB America,15:00,30,Christian Music
20,GEB America,15:30,30,Christian Music
20,GEB America,16:00,30,Christian Music
20,GEB America,16:30,30,Christian Music
20,GEB America,17:00,30,Christian Music
20,GEB America,17:30,30,Christian Music
20,GEB America,18:00,30,Christian Music
20,GEB America,18:30,30,Christian Music
20,GEB America,19:00,30,Christian Music
20,GEB America,19:30,30,Christian Music
20,GEB America,20:00,30,Christian Music
20,GEB America,20:30,30,Christian Music
20,GEB America,21:00,30,Christian Music
20,GEB America,21:30,30,Christian Music
20,GEB America,22:00,30,Christian Music
20,GEB America,22:30,30,Christian Music
20,GEB America,23:00,30,Christian Music
20,GEB America,23:30,30,Christian Music
21,SonLife TV,00:00,30,Jewish Voice with Jonathan Bernis
21,SonLife TV,00:30,60,Campmeeting
21,SonLife TV,01:30,30,Love Israel
21,SonLife TV,02:00,120,Campmeeting
21,SonLife TV,04:00,30,Today with Ward
21,SonLife TV,04:30,30,Joseph Prince: You Can Live Healed
21,SonLife TV,05:00,30,K.I.C.K.S. Club (E/I) TV-Y)
21,SonLife TV,05:30,30,Donkey Ollie (E/I) (TV-Y)
21,SonLife TV,06:00,30,Adventures in Odyssey (E/I)
21,SonLife TV,06:30,30,Adventures in Dry Gulch
21,SonLife TV,07:00,30,NASA X (E/I) (TV-G)
21,SonLife TV,07:30,30,Superbook
21,SonLife TV,08:00,30,World Impact
21,SonLife TV,08:30,30,Int’l Fellowship of Christians and Jews
21,SonLife TV,09:00,30,"James Robison – Giving Hope, Sharing Life"
21,SonLife TV,09:30,30,Ricky Branham Ministries
21,SonLife TV,10:00,60,Campmeeting
21,SonLife TV,11:00,60,ORU Chapel Service
21,SonLife TV,12:00,60,Food for the Poor
21,SonLife TV,13:00,30,Humanitarian
21,SonLife TV,13:30,30,Being Your Best with Trey Johnson
21,SonLife TV,14:00,60,Night Of Promise: The Day Of Atonement
21,SonLife TV,15:00,30,America’s Revival Hour
21,SonLife TV,15:30,30,Christian World News
21,SonLife TV,16:00,60,Operation Smile
21,SonLife TV,17:00,30,Christian Worship Hour
21,SonLife TV,17:30,60,Kenneth Cox Ministries
21,SonLife TV,18:30,30,PHD Ministries
21,SonLife TV,19:00,30,Christ the Healer
21,SonLife TV,19:30,60,Mercy Ships
21,SonLife TV,20:30,30,Joel Osteen
21,SonLife TV,21:00,30,Faith Builders with Russ Beacham
21,SonLife TV,21:30,30,Christian Music Countdown
21,SonLife TV,22:00,60,Mercy Ships
21,SonLife TV,23:00,30,It’s Supernatural!
21,SonLife TV,23:30,30,Always More TV
22,World Harvest Television,00:00,30,Currently Being Updated
22,World Harvest Television,00:30,30,Currently Being Updated
22,World Harvest Television,01:00,30,Currently Being Updated
22,World Harvest Television,01:30,30,Currently Being Updated
22,World Harvest Television,02:00,30,Currently Being Updated
22,World Harvest Television,02:30,30,Currently Being Updated
22,World Harvest Television,03:00,30,Currently Being Updated
22,World Harvest Television,03:30,30,Currently Being Updated
22,World Harvest Television,04:00,30,Currently Being Updated
22,World Harvest Television,04:30,30,Currently Being Updated
22,World Harvest Television,05:00,30,Currently Being Updated
22,World Harvest Television,05:30,30,Currently Being Updated
22,World Harvest Television,06:00,30,Currently Being Updated
22,World Harvest Television,06:30,30,Currently Being Updated
22,World Harvest Television,07:00,30,Currently Being Updated
22,World Harvest Television,07:30,30,Currently Being Updated
22,World Harvest Television,08:00,30,Currently Being Updated
22,World Harvest Television,08:30,30,Currently Being Updated
22,World Harvest Television,09:00,30,Currently Being Updated
22,World Harvest Television,09:30,30,Currently Being Updated
22,World Harvest Television,10:00,30,Currently Being Updated
22,World Harvest Television,10:30,30,Currently Being Updated
22,World Harvest Television,11:00,30,Currently Being Updated
22,World Harvest Television,11:30,30,Currently Being Updated
22,World Harvest Television,12:00,30,Currently Being Updated
22,World Harvest Television,12:30,30,Currently Being Updated
22,World Harvest Television,13:00,30,Currently Being Updated
22,World Harvest Television,13:30,30,Currently Being Updated
22,World Harvest Television,14:00,30,Currently Being Updated
22,World Harvest Television,14:30,30,Currently Being Updated
22,World Harvest Television,15:00,30,Currently Being Updated
22,World Harvest Television,15:30,30,Currently Being Updated
22,World Harvest Television,16:00,30,Currently Being Updated
22,World Harvest Television,16:30,30,Currently Being Updated
22,World Harvest Television,17:00,30,Currently Being Updated
22,World Harvest Television,17:30,30,Currently Being Updated
22,World Harvest Television,18:00,30,Currently Being Updated
22,World Harvest Television,18:30,30,Currently Being Updated
22,World Harvest Television,19:00,30,Currently Being Updated
22,World Harvest Television,19:30,30,Currently Being Updated
22,World Harvest Television,20:00,30,Currently Being Updated
22,World Harvest Television,20:30,30,Currently Being Updated
22,World Harvest Television,21:00,30,Currently Being Updated
22,World Harvest Television,21:30,30,Currently Being Updated
22,World Harvest Television,22:00,30,Currently Being Updated
22,World Harvest Television,22:30,30,Currently Being Updated
22,World Harvest Television,23:00,30,Currently Being Updated
22,World Harvest Television,23:30,30,Currently Being Updated
23,Living Faith TV,00:00,60,FWC Music
23,Living Faith TV,01:00,120,Jimmy Swaggart Crusade Classics
23,Living Faith TV,03:00,60,FWC Music
23,Living Faith TV,04:00,60,Family Worship Center - Associate Pastors
23,Living Faith TV,05:00,60,The Message of the Cross
23,Living Faith TV,06:00,30,FWC Music
23,Living Faith TV,06:30,30,The Story Behind the Song
23,Living Faith TV,07:00,120,Frances and Friends
23,Living Faith TV,09:00,60,Generation of the Cross
23,Living Faith TV,10:00,120,Jimmy Swaggart
23,Living Faith TV,12:00,60,FWC Music
23,Living Faith TV,13:00,120,Donnie Swaggart
23,Living Faith TV,15:00,60,The Message of the Cross
23,Living Faith TV,16:00,120,Frances and Friends
23,Living Faith TV,18:00,60,FWC Music
23,Living Faith TV,19:00,60,Family Worship Center Wednesday Night Service
23,Living Faith TV,20:00,60,FWC Music
23,Living Faith TV,21:00,60,Crossfire Service
23,Living Faith TV,22:00,120,Jimmy Swaggart
24,Firstlight,00:00,30,Life on Purpose with Dr. Mark Lantz
24,Firstlight,00:30,30,Paid Programming
24,Firstlight,01:00,30,Paid Programming
24,Firstlight,01:30,30,Making Healthy Choices
24,Firstlight,02:00,60,Breakthrough Blessing With Dr. Mike Smalley
24,Firstlight,03:00,30,Lassie
24,Firstlight,03:30,30,Lassie
24,Firstlight,04:00,30,Lassie
24,Firstlight,04:30,30,Lassie
24,Firstlight,05:00,30,Animal Rescue
24,Firstlight,05:30,30,Dog Tales
24,Firstlight,06:00,30,Think Big
24,Firstlight,06:30,30,Biz Kids
24,Firstlight,07:00,30,Sports Stars of Tomorrow
24,Firstlight,07:30,30,America's Heartland
24,Firstlight,08:00,30,Today's Homeowner With Danny Lipford
24,Firstlight,08:30,30,Transforming Lives by Shriners Hospitals for Children®
24,Firstlight,09:00,30,The Beverly Hillbillies
24,Firstlight,09:30,30,The Beverly Hillbillies
24,Firstlight,10:00,30,The Beverly Hillbillies
24,Firstlight,10:30,30,The Beverly Hillbillies
24,Firstlight,11:00,30,The Key To Healthy Living
24,Firstlight,11:30,90,Heldorado
24,Firstlight,13:00,90,Idaho
24,Firstlight,14:30,30,Paid Programming
24,Firstlight,15:00,60,Christian Worship Hour
24,Firstlight,16:00,60,In Touch With Dr. Charles Stanley
24,Firstlight,17:00,30,Jewish Voice Ministry
24,Firstlight,17:30,30,Les Feldick
24,Firstlight,18:00,30,Forgotten Truths
24,Firstlight,18:30,30,Brother Dave Lombardi & The Hour of Power Singers
24,Firstlight,19:00,60,The Jim Bakker Show
24,Firstlight,20:00,30,Paid Programming
24,Firstlight,20:30,30,Touching Hands Ministries
24,Firstlight,21:00,30,Never Fear Power Outages
24,Firstlight,21:30,30,Through the Bible With Les Feldick
24,Firstlight,22:00,30,The Key To Healthy Living
24,Firstlight,22:30,30,Paid Programming
24,Firstlight,23:00,30,Making Healthy Choices
24,Firstlight,23:30,30,Life on Purpose with Dr. Mark Lantz
25,Day Star,00:00,60,The Gaithers
25,Day Star,01:00,60,Living Faith Now!
25,Day Star,02:00,60,The Gaithers
25,Day Star,03:00,60,Living Faith Now!
25,Day Star,04:00,30,Sing Time
25,Day Star,04:30,30,Pickin' Time
25,Day Star,05:00,30,Sheep Snacks
25,Day Star,05:30,30,Dr. Wonders
25,Day Star,06:00,30,Donkey Ollie
25,Day Star,06:30,30,Youth Bytes
25,Day Star,07:00,30,Feed My Sheep
25,Day Star,07:30,30,TBA
25,Day Star,08:00,30,Time for Hope
25,Day Star,08:30,30,Sing Time
25,Day Star,09:00,30,TBA
25,Day Star,09:30,30,Rev-Up
25,Day Star,10:00,60,Gospel Message
25,Day Star,11:00,30,Sing Time
25,Day Star,11:30,30,TBA
25,Day Star,12:00,60,The Gaithers
25,Day Star,13:00,30,TBA
25,Day Star,13:30,30,TBA
25,Day Star,14:00,30,TBA
25,Day Star,14:30,30,Mantle of Praise
25,Day Star,15:00,30,Green Valley Baptist
25,Day Star,15:30,30,TBA
25,Day Star,16:00,30,Temple Baptist
25,Day Star,16:30,30,Grace Alive
25,Day Star,17:00,60,Higher Ground
25,Day Star,18:00,30,Belle Meadows
25,Day Star,18:30,30,Souls Harbor
25,Day Star,19:00,30,TBA
25,Day Star,19:30,30,Power of the Harvest
25,Day Star,20:00,30,Everyday Manna
25,Day Star,20:30,30,Gospel Message
25,Day Star,21:00,30,Gospel Message
25,Day Star,21:30,60,The Gaithers
25,Day Star,22:30,30,Everyday Manna
25,Day Star,23:00,60,Gospel Message
26,3ABN,05:00,60.0,Hope International Camp
26,3ABN,06:00,30.0,Better Life Today
26,3ABN,06:30,75.0,COMPASS
26,3ABN,07:45,15.0,Creation Scapes
26,3ABN,08:00,60.0,Conrad Vine
26,3ABN,09:00,30.0,White Horse Media
26,3ABN,09:30,30.0,AIG - Answers News
26,3ABN,10:00,60.0,Hopelives365
26,3ABN,11:00,90.0,Truth Matters
26,3ABN,12:30,30.0,Clash of Minds
26,3ABN,13:00,30.0,On The Road 2023
26,3ABN,13:30,90.0,Gods Final Call
26,3ABN,15:00,60.0,Amazing Facts
26,3ABN,16:00,60.0,3ABN Worship Hour
26,3ABN,17:00,45.0,Conrad Vine
26,3ABN,17:45,15.0,Creation Scapes
26,3ABN,18:00,60.0,3ABN Today
26,3ABN,19:00,60.0,Clash of Minds
26,3ABN,20:00,30.0,Conrad Vine
26,3ABN,20:30,60.0,Unlocking Bible Prophecies
26,3ABN,21:30,30.0,The Incredible Journey
26,3ABN,22:00,30.0,Village SDA
26,3ABN,22:30,60.0,Thompsonville SDA Church
26,3ABN,23:30,30,Prophecy End2End
28,TCT HD,00:00,28,Praise
28,TCT HD,00:30,28,It Is Written
28,TCT HD,01:00,58,Daniel All Access
28,TCT HD,02:00,58,Revelation Now  (new)
28,TCT HD,03:00,58,Revelation Insights!
28,TCT HD,04:00,28,Amazing Facts with Doug Batchelor
28,TCT HD,04:30,28,Tiny Tots for Jesus
28,TCT HD,05:00,14,3ABN Kids Camp Sing Along
28,TCT HD,05:15,14,3ABN Kids Camp Bible Gems
28,TCT HD,05:30,28,IIW Sabbath School
28,TCT HD,06:00,55,3ABN Today
28,TCT HD,07:00,58,3ABN Sabbath School Panel
28,TCT HD,08:00,58,3ABN Worship Hour
28,TCT HD,09:00,58,Pioneer Media
28,TCT HD,10:00,57,Summer Camp Meeting
28,TCT HD,11:00,55,3ABN Today Bible Q&A
28,TCT HD,12:00,28,Praise Him Now
28,TCT HD,12:30,28,AWR360 Broadcast to Baptism
28,TCT HD,13:00,55,3ABN Today
28,TCT HD,14:00,28,Maranatha Mission Stories
28,TCT HD,14:30,28,3ABN Music Highlights
28,TCT HD,15:00,28,Breath of Life
28,TCT HD,15:30,28,ASAP Ministries
28,TCT HD,16:00,28,Laymen Ministries
28,TCT HD,16:30,27,Salvation in Symbols and Signs
28,TCT HD,17:00,58,The Sanctuary
28,TCT HD,18:00,55,3ABN Today
28,TCT HD,19:00,28,White Horse Media
28,TCT HD,19:30,28,"Sanctuary, Salvation, and Our Savior"
28,TCT HD,20:00,58,Revelation's Ancient Discoveries
28,TCT HD,21:00,55,3ABN Today
28,TCT HD,22:00,58,Discover
28,TCT HD,23:00,58,The Sanctuary
29,Christian Television Network,00:00,120,Movie
29,Christian Television Network,02:00,30,Rise Up
29,Christian Television Network,02:30,30,Colorful Cooking
29,Christian Television Network,03:00,30,Lifestyle Magazine
29,Christian Television Network,03:30,90,12 Weeks to Wellness
29,Christian Television Network,05:00,30,Intersections
29,Christian Television Network,05:30,30,Rise Up
29,Christian Television Network,06:00,30,A New Day
29,Christian Television Network,06:30,30,LifeStart
29,Christian Television Network,07:00,30,Kitchen Conversations
29,Christian Television Network,07:30,30,Hot Health
29,Christian Television Network,08:00,30,Journey of Hope
29,Christian Television Network,08:30,30,McDougall MD
29,Christian Television Network,09:00,30,Chat N' Chew
29,Christian Television Network,09:30,30,Healing Hope
29,Christian Television Network,10:00,30,Straight Talk
29,Christian Television Network,10:30,30,Heart of Health
29,Christian Television Network,11:00,30,This Life
29,Christian Television Network,11:30,30,Rise Up
29,Christian Television Network,12:00,60,The Whole Message
29,Christian Television Network,13:00,30,Awesome Science
29,Christian Television Network,13:30,30,Help! I'm a Parent
29,Christian Television Network,14:00,30,Lifestyle & Prev Care
29,Christian Television Network,14:30,30,Concept
29,Christian Television Network,15:00,120,Movie
29,Christian Television Network,17:00,30,Intersections
29,Christian Television Network,17:30,30,A New Day
29,Christian Television Network,18:00,30,LifeStart
29,Christian Television Network,18:30,30,Kitchen Conversations
29,Christian Television Network,19:00,30,Hot Health
29,Christian Television Network,19:30,30,Journey of Hope
29,Christian Television Network,20:00,30,McDougall MD
29,Christian Television Network,20:30,30,Chat N' Chew
29,Christian Television Network,21:00,30,Healing Hope
29,Christian Television Network,21:30,30,Straight Talk
29,Christian Television Network,22:00,30,Heart of Health
29,Christian Television Network,22:30,30,This Life
29,Christian Television Network,23:00,30,dLife
29,Christian Television Network,23:30,30,Drugs Close to Home
30,God's Learning Channel,00:00,30,Currently Being Updated
30,God's Learning Channel,00:30,30,Currently Being Updated
30,God's Learning Channel,01:00,30,Currently Being Updated
30,God's Learning Channel,01:30,30,Currently Being Updated
30,God's Learning Channel,02:00,30,Currently Being Updated
30,God's Learning Channel,02:30,30,Currently Being Updated
30,God's Learning Channel,03:00,30,Currently Being Updated
30,God's Learning Channel,03:30,30,Currently Being Updated
30,God's Learning Channel,04:00,30,Currently Being Updated
30,God's Learning Channel,04:30,30,Currently Being Updated
30,God's Learning Channel,05:00,30,Currently Being Updated
30,God's Learning Channel,05:30,30,Currently Being Updated
30,God's Learning Channel,06:00,30,Currently Being Updated
30,God's Learning Channel,06:30,30,Currently Being Updated
30,God's Learning Channel,07:00,30,Currently Being Updated
30,God's Learning Channel,07:30,30,Currently Being Updated
30,God's Learning Channel,08:00,30,Currently Being Updated
30,God's Learning Channel,08:30,30,Currently Being Updated
30,God's Learning Channel,09:00,30,Currently Being Updated
30,God's Learning Channel,09:30,30,Currently Being Updated
30,God's Learning Channel,10:00,30,Currently Being Updated
30,God's Learning Channel,10:30,30,Currently Being Updated
30,God's Learning Channel,11:00,30,Currently Being Updated
30,God's Learning Channel,11:30,30,Currently Being Updated
30,God's Learning Channel,12:00,30,Currently Being Updated
30,God's Learning Channel,12:30,30,Currently Being Updated
30,God's Learning Channel,13:00,30,Currently Being Updated
30,God's Learning Channel,13:30,30,Currently Being Updated
30,God's Learning Channel,14:00,30,Currently Being Updated
30,God's Learning Channel,14:30,30,Currently Being Updated
30,God's Learning Channel,15:00,30,Currently Being Updated
30,God's Learning Channel,15:30,30,Currently Being Updated
30,God's Learning Channel,16:00,30,Currently Being Updated
30,God's Learning Channel,16:30,30,Currently Being Updated
30,God's Learning Channel,17:00,30,Currently Being Updated
30,God's Learning Channel,17:30,30,Currently Being Updated
30,God's Learning Channel,18:00,30,Currently Being Updated
30,God's Learning Channel,18:30,30,Currently Being Updated
30,God's Learning Channel,19:00,30,Currently Being Updated
30,God's Learning Channel,19:30,30,Currently Being Updated
30,God's Learning Channel,20:00,30,Currently Being Updated
30,God's Learning Channel,20:30,30,Currently Being Updated
30,God's Learning Channel,21:00,30,Currently Being Updated
30,God's Learning Channel,21:30,30,Currently Being Updated
30,God's Learning Channel,22:00,30,Currently Being Updated
30,God's Learning Channel,22:30,30,Currently Being Updated
30,God's Learning Channel,23:00,30,Currently Being Updated
30,God's Learning Channel,23:30,30,Currently Being Updated
31,Emmanuel TV,00:00,90,Clancy
31,Emmanuel TV,01:30,120,Found
31,Emmanuel TV,03:30,90,Home Sweet Home
31,Emmanuel TV,05:00,30,Adventures in Odyssey
31,Emmanuel TV,05:30,30,Another Sommertime Adventure
31,Emmanuel TV,06:00,30,Super Simple Science Stuff
31,Emmanuel TV,06:30,30,Captain Chuckleberry
31,Emmanuel TV,07:00,30,'Tween You and Me
31,Emmanuel TV,07:30,30,Cowboy Dan's Frontier
31,Emmanuel TV,08:00,30,Gospel Bill
31,Emmanuel TV,08:30,30,Sarah's Stories
31,Emmanuel TV,09:00,115,Sky Dog
31,Emmanuel TV,10:55,5,RoboDad
31,Emmanuel TV,11:00,60,Answers in Genesis
31,Emmanuel TV,12:00,60,Gaither Gospel Hour
31,Emmanuel TV,13:00,30,TCT Today
31,Emmanuel TV,13:30,30,Swan's Place
31,Emmanuel TV,14:00,90,The Theory of Everything
31,Emmanuel TV,15:30,30,Free Indeed
31,Emmanuel TV,16:00,30,Parent Compass
31,Emmanuel TV,16:30,60,CURE America-Star Parker
31,Emmanuel TV,17:30,30,Life Outreach International
31,Emmanuel TV,18:00,60,Sue Thomas F.B. Eye
31,Emmanuel TV,19:00,60,Pacific Garden Mission
31,Emmanuel TV,20:00,30,Spiritual Authority with Bishop George Bloomer
31,Emmanuel TV,20:30,150,The Way of the Master
31,Emmanuel TV,23:00,60,What If?
34,WOCB,00:00,30,You & Me
34,WOCB,00:30,30,No Show Info
34,WOCB,01:00,60,Bill Gaither Homecoming Hr. (cc)
34,WOCB,02:00,60,Leslie Hale (cc)
34,WOCB,03:00,30,*Star Family* (E/I Ages 6-12)
34,WOCB,03:30,30,*Becky's Barn* (E/I Ages 3-7) (cc)
34,WOCB,04:00,30,*Gospel Bill* (E/I Ages 6-12)
34,WOCB,04:30,30,*Heath & Checker Show* (E/I Ages  8-12) (cc)
34,WOCB,05:00,30,*Ignite Your Light Kidz* (E/I Ages  1-10) (cc)
34,WOCB,05:30,30,*Chicklet Club * (E/I ages7-11) (28:30)
34,WOCB,06:00,30,*Dr Wonder's Work-shop* (E/I Ages 5-12)
34,WOCB,06:30,30,*Super Book *  (E/I Ages 3-12)
34,WOCB,07:00,30,Pastor Henry Babers Sr.
34,WOCB,07:30,30,Tight Line
34,WOCB,08:00,30,Life Outreach International
34,WOCB,08:30,30,Joseph Prince Special
34,WOCB,09:00,30,Special Program OTO
34,WOCB,09:30,30,Carroll Roberson
34,WOCB,10:00,30,It's Supernatural with Sid Roth
34,WOCB,10:30,30,Great American Gospel
34,WOCB,11:00,60,The Jim Baker Show
34,WOCB,12:00,30,Voice of Evangelism Pastor David Lankford
34,WOCB,12:30,30,News Updates RHB
34,WOCB,13:00,60,Your Health with Dr. Richard and Cindy Becker
34,WOCB,14:00,60,Christian Worship Hour
34,WOCB,15:00,60,Celebration under the Silverdome Pastor Dan Betzer
34,WOCB,16:00,30,TheTHREE with Laura Harris Smith
34,WOCB,16:30,30,The Voice of the Eternal Gospel
34,WOCB,17:00,30,Mark T. Barclay
34,WOCB,17:30,30,Prophecy Watchers
34,WOCB,18:00,30,Pastor Ock Soo Park’s Lectures on the Gospel of Mark
34,WOCB,18:30,30,Billy Graham Classics
34,WOCB,19:00,30,Watch Therefore - Dov Schwarz
34,WOCB,19:30,60,The Tom Laipply Podcast
34,WOCB,20:30,30,Christian Music Countdown
34,WOCB,21:00,30,Brian Houston at Hillsong TV (28:30)
34,WOCB,21:30,30,Gospel Voice with Derrick Williams
34,WOCB,22:00,30,Christian Music Countdown
34,WOCB,22:30,30,Generation Now
34,WOCB,23:00,30,Change TV
34,WOCB,23:30,30,TV One Life
35,3ABN Francias,00:00,60,LIGHT OF THE SOUTHWEST PART 2
35,3ABN Francias,01:00,60,Shepherd's Heart
35,3ABN Francias,02:00,30,Church of the Way Humberto Porras
35,3ABN Francias,02:30,30,Restore Zion Yohanan Salamanca
35,3ABN Francias,03:00,60,LIGHT OF THE SOUTHWEST PART 1
35,3ABN Francias,04:00,60,LIGHT OF THE SOUTHWEST PART 2
35,3ABN Francias,05:00,30,Ignite Your Light Kidz E/I 3-10
35,3ABN Francias,05:30,30,Creation Proclaims E/I 06-16
35,3ABN Francias,06:00,30,Creation Magazine Live! E/I 12-16
35,3ABN Francias,06:30,30,Faith for Families Joe McGee
35,3ABN Francias,07:00,30,Update News / DBI
35,3ABN Francias,07:30,30,A Promise of Things to Come FFOZ
35,3ABN Francias,08:00,30,"Rocks, Shovels & Manuscripts Steve Shermett"
35,3ABN Francias,08:30,30,Israel First TV w/ Martin & Nathalie
35,3ABN Francias,09:00,60,Truth for Life Alistair Begg
35,3ABN Francias,10:00,30,American Heritage Series David Barton
35,3ABN Francias,10:30,30,Freedom Alive Matt Staver
35,3ABN Francias,11:00,30,Hidden in the Hebrew with Uri Harel
35,3ABN Francias,11:30,30,Cowgirl Logic Crystal Lyons
35,3ABN Francias,12:00,60,LIGHT OF THE SOUTHWEST PART 1
35,3ABN Francias,13:00,60,LIGHT OF THE SOUTHWEST PART 2
35,3ABN Francias,14:00,30,Eye On Health Dr Rebecca Thomas
35,3ABN Francias,14:30,60,Shepherd's Heart
35,3ABN Francias,15:30,30,For the Love of My People R' Itzhak Shapira
35,3ABN Francias,16:00,30,On Wings of Truth Dr. W McDonald
35,3ABN Francias,16:30,30,Jesus IS Involved In Politics Neil Mammen
35,3ABN Francias,17:00,30,Man On The Street
35,3ABN Francias,17:30,30,Our Messiah is Jewish Mottel Baleston
35,3ABN Francias,18:00,60,LIGHT OF THE SOUTHWEST PART 1
35,3ABN Francias,19:00,60,LIGHT OF THE SOUTHWEST PART 2
35,3ABN Francias,20:00,30,Way of the Master Ray Comfort
35,3ABN Francias,20:30,30,The Isaiah Project Rev ML Johnson
35,3ABN Francias,21:00,30,Christ for the Crescent Moon Mani Erfan
35,3ABN Francias,21:30,30,Creation Magazine Live! CMI
35,3ABN Francias,22:00,30,Our Messiah is Jewish Mottel Baleston
35,3ABN Francias,22:30,30,A Promise of Things to Come FFOZ
35,3ABN Francias,23:00,60,LIGHT OF THE SOUTHWEST PART 1
36,3ABN Latino,00:00,30,Currently Being Updated
36,3ABN Latino,00:30,30,Currently Being Updated
36,3ABN Latino,01:00,30,Currently Being Updated
36,3ABN Latino,01:30,30,Currently Being Updated
36,3ABN Latino,02:00,30,Currently Being Updated
36,3ABN Latino,02:30,30,Currently Being Updated
36,3ABN Latino,03:00,30,Currently Being Updated
36,3ABN Latino,03:30,30,Currently Being Updated
36,3ABN Latino,04:00,30,Currently Being Updated
36,3ABN Latino,04:30,30,Currently Being Updated
36,3ABN Latino,05:00,30,Currently Being Updated
36,3ABN Latino,05:30,30,Currently Being Updated
36,3ABN Latino,06:00,30,Currently Being Updated
36,3ABN Latino,06:30,30,Currently Being Updated
36,3ABN Latino,07:00,30,Currently Being Updated
36,3ABN Latino,07:30,30,Currently Being Updated
36,3ABN Latino,08:00,30,Currently Being Updated
36,3ABN Latino,08:30,30,Currently Being Updated
36,3ABN Latino,09:00,30,Currently Being Updated
36,3ABN Latino,09:30,30,Currently Being Updated
36,3ABN Latino,10:00,30,Currently Being Updated
36,3ABN Latino,10:30,30,Currently Being Updated
36,3ABN Latino,11:00,30,Currently Being Updated
36,3ABN Latino,11:30,30,Currently Being Updated
36,3ABN Latino,12:00,30,Currently Being Updated
36,3ABN Latino,12:30,30,Currently Being Updated
36,3ABN Latino,13:00,30,Currently Being Updated
36,3ABN Latino,13:30,30,Currently Being Updated
36,3ABN Latino,14:00,30,Currently Being Updated
36,3ABN Latino,14:30,30,Currently Being Updated
36,3ABN Latino,15:00,30,Currently Being Updated
36,3ABN Latino,15:30,30,Currently Being Updated
36,3ABN Latino,16:00,30,Currently Being Updated
36,3ABN Latino,16:30,30,Currently Being Updated
36,3ABN Latino,17:00,30,Currently Being Updated
36,3ABN Latino,17:30,30,Currently Being Updated
36,3ABN Latino,18:00,30,Currently Being Updated
36,3ABN Latino,18:30,30,Currently Being Updated
36,3ABN Latino,19:00,30,Currently Being Updated
36,3ABN Latino,19:30,30,Currently Being Updated
36,3ABN Latino,20:00,30,Currently Being Updated
36,3ABN Latino,20:30,30,Currently Being Updated
36,3ABN Latino,21:00,30,Currently Being Updated
36,3ABN Latino,21:30,30,Currently Being Updated
36,3ABN Latino,22:00,30,Currently Being Updated
36,3ABN Latino,22:30,30,Currently Being Updated
36,3ABN Latino,23:00,30,Currently Being Updated
36,3ABN Latino,23:30,30,Currently Being Updated
37,3ABN International,00:00,30,Currently Being Updated
37,3ABN International,00:30,30,Currently Being Updated
37,3ABN International,01:00,30,Currently Being Updated
37,3ABN International,01:30,30,Currently Being Updated
37,3ABN International,02:00,30,Currently Being Updated
37,3ABN International,02:30,30,Currently Being Updated
37,3ABN International,03:00,30,Currently Being Updated
37,3ABN International,03:30,30,Currently Being Updated
37,3ABN International,04:00,30,Currently Being Updated
37,3ABN International,04:30,30,Currently Being Updated
37,3ABN International,05:00,30,Currently Being Updated
37,3ABN International,05:30,30,Currently Being Updated
37,3ABN International,06:00,30,Currently Being Updated
37,3ABN International,06:30,30,Currently Being Updated
37,3ABN International,07:00,30,Currently Being Updated
37,3ABN International,07:30,30,Currently Being Updated
37,3ABN International,08:00,30,Currently Being Updated
37,3ABN International,08:30,30,Currently Being Updated
37,3ABN International,09:00,30,Currently Being Updated
37,3ABN International,09:30,30,Currently Being Updated
37,3ABN International,10:00,30,Currently Being Updated
37,3ABN International,10:30,30,Currently Being Updated
37,3ABN International,11:00,30,Currently Being Updated
37,3ABN International,11:30,30,Currently Being Updated
37,3ABN International,12:00,30,Currently Being Updated
37,3ABN International,12:30,30,Currently Being Updated
37,3ABN International,13:00,30,Currently Being Updated
37,3ABN International,13:30,30,Currently Being Updated
37,3ABN International,14:00,30,Currently Being Updated
37,3ABN International,14:30,30,Currently Being Updated
37,3ABN International,15:00,30,Currently Being Updated
37,3ABN International,15:30,30,Currently Being Updated
37,3ABN International,16:00,30,Currently Being Updated
37,3ABN International,16:30,30,Currently Being Updated
37,3ABN International,17:00,30,Currently Being Updated
37,3ABN International,17:30,30,Currently Being Updated
37,3ABN International,18:00,30,Currently Being Updated
37,3ABN International,18:30,30,Currently Being Updated
37,3ABN International,19:00,30,Currently Being Updated
37,3ABN International,19:30,30,Currently Being Updated
37,3ABN International,20:00,30,Currently Being Updated
37,3ABN International,20:30,30,Currently Being Updated
37,3ABN International,21:00,30,Currently Being Updated
37,3ABN International,21:30,30,Currently Being Updated
37,3ABN International,22:00,30,Currently Being Updated
37,3ABN International,22:30,30,Currently Being Updated
37,3ABN International,23:00,30,Currently Being Updated
37,3ABN International,23:30,30,Currently Being Updated
39,"SuperChannel  (WACX -DTV Orlando, Florida)",00:00,30,Currently Being Updated
39,"SuperChannel  (WACX -DTV Orlando, Florida)",00:30,30,Currently Being Updated
39,"SuperChannel  (WACX -DTV Orlando, Florida)",01:00,30,Currently Being Updated
39,"SuperChannel  (WACX -DTV Orlando, Florida)",01:30,30,Currently Being Updated
39,"SuperChannel  (WACX -DTV Orlando, Florida)",02:00,30,Currently Being Updated
39,"SuperChannel  (WACX -DTV Orlando, Florida)",02:30,30,Currently Being Updated
39,"SuperChannel  (WACX -DTV Orlando, Florida)",03:00,30,Currently Being Updated
39,"SuperChannel  (WACX -DTV Orlando, Florida)",03:30,30,Currently Being Updated
39,"SuperChannel  (WACX -DTV Orlando, Florida)",04:00,30,Currently Being Updated
39,"SuperChannel  (WACX -DTV Orlando, Florida)",04:30,30,Currently Being Updated
39,"SuperChannel  (WACX -DTV Orlando, Florida)",05:00,30,Currently Being Updated
39,"SuperChannel  (WACX -DTV Orlando, Florida)",05:30,30,Currently Being Updated
39,"SuperChannel  (WACX -DTV Orlando, Florida)",06:00,30,Currently Being Updated
39,"SuperChannel  (WACX -DTV Orlando, Florida)",06:30,30,Currently Being Updated
39,"SuperChannel  (WACX -DTV Orlando, Florida)",07:00,30,Currently Being Updated
39,"SuperChannel  (WACX -DTV Orlando, Florida)",07:30,30,Currently Being Updated
39,"SuperChannel  (WACX -DTV Orlando, Florida)",08:00,30,Currently Being Updated
39,"SuperChannel  (WACX -DTV Orlando, Florida)",08:30,30,Currently Being Updated
39,"SuperChannel  (WACX -DTV Orlando, Florida)",09:00,30,Currently Being Updated
39,"SuperChannel  (WACX -DTV Orlando, Florida)",09:30,30,Currently Being Updated
39,"SuperChannel  (WACX -DTV Orlando, Florida)",10:00,30,Currently Being Updated
39,"SuperChannel  (WACX -DTV Orlando, Florida)",10:30,30,Currently Being Updated
39,"SuperChannel  (WACX -DTV Orlando, Florida)",11:00,30,Currently Being Updated
39,"SuperChannel  (WACX -DTV Orlando, Florida)",11:30,30,Currently Being Updated
39,"SuperChannel  (WACX -DTV Orlando, Florida)",12:00,30,Currently Being Updated
39,"SuperChannel  (WACX -DTV Orlando, Florida)",12:30,30,Currently Being Updated
39,"SuperChannel  (WACX -DTV Orlando, Florida)",13:00,30,Currently Being Updated
39,"SuperChannel  (WACX -DTV Orlando, Florida)",13:30,30,Currently Being Updated
39,"SuperChannel  (WACX -DTV Orlando, Florida)",14:00,30,Currently Being Updated
39,"SuperChannel  (WACX -DTV Orlando, Florida)",14:30,30,Currently Being Updated
39,"SuperChannel  (WACX -DTV Orlando, Florida)",15:00,30,Currently Being Updated
39,"SuperChannel  (WACX -DTV Orlando, Florida)",15:30,30,Currently Being Updated
39,"SuperChannel  (WACX -DTV Orlando, Florida)",16:00,30,Currently Being Updated
39,"SuperChannel  (WACX -DTV Orlando, Florida)",16:30,30,Currently Being Updated
39,"SuperChannel  (WACX -DTV Orlando, Florida)",17:00,30,Currently Being Updated
39,"SuperChannel  (WACX -DTV Orlando, Florida)",17:30,30,Currently Being Updated
39,"SuperChannel  (WACX -DTV Orlando, Florida)",18:00,30,Currently Being Updated
39,"SuperChannel  (WACX -DTV Orlando, Florida)",18:30,30,Currently Being Updated
39,"SuperChannel  (WACX -DTV Orlando, Florida)",19:00,30,Currently Being Updated
39,"SuperChannel  (WACX -DTV Orlando, Florida)",19:30,30,Currently Being Updated
39,"SuperChannel  (WACX -DTV Orlando, Florida)",20:00,30,Currently Being Updated
39,"SuperChannel  (WACX -DTV Orlando, Florida)",20:30,30,Currently Being Updated
39,"SuperChannel  (WACX -DTV Orlando, Florida)",21:00,30,Currently Being Updated
39,"SuperChannel  (WACX -DTV Orlando, Florida)",21:30,30,Currently Being Updated
39,"SuperChannel  (WACX -DTV Orlando, Florida)",22:00,30,Currently Being Updated
39,"SuperChannel  (WACX -DTV Orlando, Florida)",22:30,30,Currently Being Updated
39,"SuperChannel  (WACX -DTV Orlando, Florida)",23:00,30,Currently Being Updated
39,"SuperChannel  (WACX -DTV Orlando, Florida)",23:30,30,Currently Being Updated
40,God Television (Asia),00:00,30,Currently Being Updated
40,God Television (Asia),00:30,30,Currently Being Updated
40,God Television (Asia),01:00,30,Currently Being Updated
40,God Television (Asia),01:30,30,Currently Being Updated
40,God Television (Asia),02:00,30,Currently Being Updated
40,God Television (Asia),02:30,30,Currently Being Updated
40,God Television (Asia),03:00,30,Currently Being Updated
40,God Television (Asia),03:30,30,Currently Being Updated
40,God Television (Asia),04:00,30,Currently Being Updated
40,God Television (Asia),04:30,30,Currently Being Updated
40,God Television (Asia),05:00,30,Currently Being Updated
40,God Television (Asia),05:30,30,Currently Being Updated
40,God Television (Asia),06:00,30,Currently Being Updated
40,God Television (Asia),06:30,30,Currently Being Updated
40,God Television (Asia),07:00,30,Currently Being Updated
40,God Television (Asia),07:30,30,Currently Being Updated
40,God Television (Asia),08:00,30,Currently Being Updated
40,God Television (Asia),08:30,30,Currently Being Updated
40,God Television (Asia),09:00,30,Currently Being Updated
40,God Television (Asia),09:30,30,Currently Being Updated
40,God Television (Asia),10:00,30,Currently Being Updated
40,God Television (Asia),10:30,30,Currently Being Updated
40,God Television (Asia),11:00,30,Currently Being Updated
40,God Television (Asia),11:30,30,Currently Being Updated
40,God Television (Asia),12:00,30,Currently Being Updated
40,God Television (Asia),12:30,30,Currently Being Updated
40,God Television (Asia),13:00,30,Currently Being Updated
40,God Television (Asia),13:30,30,Currently Being Updated
40,God Television (Asia),14:00,30,Currently Being Updated
40,God Television (Asia),14:30,30,Currently Being Updated
40,God Television (Asia),15:00,30,Currently Being Updated
40,God Television (Asia),15:30,30,Currently Being Updated
40,God Television (Asia),16:00,30,Currently Being Updated
40,God Television (Asia),16:30,30,Currently Being Updated
40,God Television (Asia),17:00,30,Currently Being Updated
40,God Television (Asia),17:30,30,Currently Being Updated
40,God Television (Asia),18:00,30,Currently Being Updated
40,God Television (Asia),18:30,30,Currently Being Updated
40,God Television (Asia),19:00,30,Currently Being Updated
40,God Television (Asia),19:30,30,Currently Being Updated
40,God Television (Asia),20:00,30,Currently Being Updated
40,God Television (Asia),20:30,30,Currently Being Updated
40,God Television (Asia),21:00,30,Currently Being Updated
40,God Television (Asia),21:30,30,Currently Being Updated
40,God Television (Asia),22:00,30,Currently Being Updated
40,God Television (Asia),22:30,30,Currently Being Updated
40,God Television (Asia),23:00,30,Currently Being Updated
40,God Television (Asia),23:30,30,Currently Being Updated
41,God Television (Africa- Satellite Live),00:00,30,Currently Being Updated
41,God Television (Africa- Satellite Live),00:30,30,Currently Being Updated
41,God Television (Africa- Satellite Live),01:00,30,Currently Being Updated
41,God Television (Africa- Satellite Live),01:30,30,Currently Being Updated
41,God Television (Africa- Satellite Live),02:00,30,Currently Being Updated
41,God Television (Africa- Satellite Live),02:30,30,Currently Being Updated
41,God Television (Africa- Satellite Live),03:00,30,Currently Being Updated
41,God Television (Africa- Satellite Live),03:30,30,Currently Being Updated
41,God Television (Africa- Satellite Live),04:00,30,Currently Being Updated
41,God Television (Africa- Satellite Live),04:30,30,Currently Being Updated
41,God Television (Africa- Satellite Live),05:00,30,Currently Being Updated
41,God Television (Africa- Satellite Live),05:30,30,Currently Being Updated
41,God Television (Africa- Satellite Live),06:00,30,Currently Being Updated
41,God Television (Africa- Satellite Live),06:30,30,Currently Being Updated
41,God Television (Africa- Satellite Live),07:00,30,Currently Being Updated
41,God Television (Africa- Satellite Live),07:30,30,Currently Being Updated
41,God Television (Africa- Satellite Live),08:00,30,Currently Being Updated
41,God Television (Africa- Satellite Live),08:30,30,Currently Being Updated
41,God Television (Africa- Satellite Live),09:00,30,Currently Being Updated
41,God Television (Africa- Satellite Live),09:30,30,Currently Being Updated
41,God Television (Africa- Satellite Live),10:00,30,Currently Being Updated
41,God Television (Africa- Satellite Live),10:30,30,Currently Being Updated
41,God Television (Africa- Satellite Live),11:00,30,Currently Being Updated
41,God Television (Africa- Satellite Live),11:30,30,Currently Being Updated
41,God Television (Africa- Satellite Live),12:00,30,Currently Being Updated
41,God Television (Africa- Satellite Live),12:30,30,Currently Being Updated
41,God Television (Africa- Satellite Live),13:00,30,Currently Being Updated
41,God Television (Africa- Satellite Live),13:30,30,Currently Being Updated
41,God Television (Africa- Satellite Live),14:00,30,Currently Being Updated
41,God Television (Africa- Satellite Live),14:30,30,Currently Being Updated
41,God Television (Africa- Satellite Live),15:00,30,Currently Being Updated
41,God Television (Africa- Satellite Live),15:30,30,Currently Being Updated
41,God Television (Africa- Satellite Live),16:00,30,Currently Being Updated
41,God Television (Africa- Satellite Live),16:30,30,Currently Being Updated
41,God Television (Africa- Satellite Live),17:00,30,Currently Being Updated
41,God Television (Africa- Satellite Live),17:30,30,Currently Being Updated
41,God Television (Africa- Satellite Live),18:00,30,Currently Being Updated
41,God Television (Africa- Satellite Live),18:30,30,Currently Being Updated
41,God Television (Africa- Satellite Live),19:00,30,Currently Being Updated
41,God Television (Africa- Satellite Live),19:30,30,Currently Being Updated
41,God Television (Africa- Satellite Live),20:00,30,Currently Being Updated
41,God Television (Africa- Satellite Live),20:30,30,Currently Being Updated
41,God Television (Africa- Satellite Live),21:00,30,Currently Being Updated
41,God Television (Africa- Satellite Live),21:30,30,Currently Being Updated
41,God Television (Africa- Satellite Live),22:00,30,Currently Being Updated
41,God Television (Africa- Satellite Live),22:30,30,Currently Being Updated
41,God Television (Africa- Satellite Live),23:00,30,Currently Being Updated
41,God Television (Africa- Satellite Live),23:30,30,Currently Being Updated
42,God Television (Australia),00:00,30,Currently Being Updated
42,God Television (Australia),00:30,30,Currently Being Updated
42,God Television (Australia),01:00,30,Currently Being Updated
42,God Television (Australia),01:30,30,Currently Being Updated
42,God Television (Australia),02:00,30,Currently Being Updated
42,God Television (Australia),02:30,30,Currently Being Updated
42,God Television (Australia),03:00,30,Currently Being Updated
42,God Television (Australia),03:30,30,Currently Being Updated
42,God Television (Australia),04:00,30,Currently Being Updated
42,God Television (Australia),04:30,30,Currently Being Updated
42,God Television (Australia),05:00,30,Currently Being Updated
42,God Television (Australia),05:30,30,Currently Being Updated
42,God Television (Australia),06:00,30,Currently Being Updated
42,God Television (Australia),06:30,30,Currently Being Updated
42,God Television (Australia),07:00,30,Currently Being Updated
42,God Television (Australia),07:30,30,Currently Being Updated
42,God Television (Australia),08:00,30,Currently Being Updated
42,God Television (Australia),08:30,30,Currently Being Updated
42,God Television (Australia),09:00,30,Currently Being Updated
42,God Television (Australia),09:30,30,Currently Being Updated
42,God Television (Australia),10:00,30,Currently Being Updated
42,God Television (Australia),10:30,30,Currently Being Updated
42,God Television (Australia),11:00,30,Currently Being Updated
42,God Television (Australia),11:30,30,Currently Being Updated
42,God Television (Australia),12:00,30,Currently Being Updated
42,God Television (Australia),12:30,30,Currently Being Updated
42,God Television (Australia),13:00,30,Currently Being Updated
42,God Television (Australia),13:30,30,Currently Being Updated
42,God Television (Australia),14:00,30,Currently Being Updated
42,God Television (Australia),14:30,30,Currently Being Updated
42,God Television (Australia),15:00,30,Currently Being Updated
42,God Television (Australia),15:30,30,Currently Being Updated
42,God Television (Australia),16:00,30,Currently Being Updated
42,God Television (Australia),16:30,30,Currently Being Updated
42,God Television (Australia),17:00,30,Currently Being Updated
42,God Television (Australia),17:30,30,Currently Being Updated
42,God Television (Australia),18:00,30,Currently Being Updated
42,God Television (Australia),18:30,30,Currently Being Updated
42,God Television (Australia),19:00,30,Currently Being Updated
42,God Television (Australia),19:30,30,Currently Being Updated
42,God Television (Australia),20:00,30,Currently Being Updated
42,God Television (Australia),20:30,30,Currently Being Updated
42,God Television (Australia),21:00,30,Currently Being Updated
42,God Television (Australia),21:30,30,Currently Being Updated
42,God Television (Australia),22:00,30,Currently Being Updated
42,God Television (Australia),22:30,30,Currently Being Updated
42,God Television (Australia),23:00,30,Currently Being Updated
42,God Television (Australia),23:30,30,Currently Being Updated
43,God Television (UK - Satellite Live),00:00,60,What if the apocalypse was right
43,God Television (UK - Satellite Live),01:00,60,Lyrics of Victoire
43,God Television (UK - Satellite Live),02:00,60,It is written
43,God Television (UK - Satellite Live),03:00,60,Convictions
43,God Television (UK - Satellite Live),04:00,30,The good choice
43,God Television (UK - Satellite Live),04:30,30,What if the apocalypse was right
43,God Television (UK - Satellite Live),05:00,30,I believe it
43,God Television (UK - Satellite Live),05:30,30,Women's hearts
43,God Television (UK - Satellite Live),06:00,25,Jesus and the emotions
43,God Television (UK - Satellite Live),06:25,35,The best way
43,God Television (UK - Satellite Live),07:00,30,Convictions
43,God Television (UK - Satellite Live),07:30,30,Born to Serve
43,God Television (UK - Satellite Live),08:00,60,Reflection
43,God Television (UK - Satellite Live),09:00,30,To grow is to live
43,God Television (UK - Satellite Live),09:30,30,Jesus and the emotions
43,God Television (UK - Satellite Live),10:00,30,The bible in question
43,God Television (UK - Satellite Live),10:30,30,For a better life
43,God Television (UK - Satellite Live),11:00,30,It is written
43,God Television (UK - Satellite Live),11:30,30,Reflection
43,God Television (UK - Satellite Live),12:00,25,Jesus and the emotions
43,God Television (UK - Satellite Live),12:25,35,Point of view
43,God Television (UK - Satellite Live),13:00,30,Lyrics of Victoire
43,God Television (UK - Satellite Live),13:30,30,What if the apocalypse was right
43,God Television (UK - Satellite Live),14:00,30,Women's hearts
43,God Television (UK - Satellite Live),14:30,30,The good choice
43,God Television (UK - Satellite Live),15:00,42,Reflection
43,God Television (UK - Satellite Live),15:42,18,The best way
43,God Television (UK - Satellite Live),16:00,20,It is written
43,God Television (UK - Satellite Live),16:20,36,Convictions
43,God Television (UK - Satellite Live),16:56,14,The Miracles of Jesus
43,God Television (UK - Satellite Live),17:10,28,To grow is to live
43,God Television (UK - Satellite Live),17:38,22,The bible in question
43,God Television (UK - Satellite Live),18:00,30,The Bible
43,God Television (UK - Satellite Live),18:30,30,It's still possible
43,God Television (UK - Satellite Live),19:00,35,Jesus and the emotions
43,God Television (UK - Satellite Live),19:35,10,The best way
43,God Television (UK - Satellite Live),19:45,25,Born to Serve
43,God Television (UK - Satellite Live),20:10,140,It is written
43,God Television (UK - Satellite Live),22:30,30,Convictions
43,God Television (UK - Satellite Live),23:00,60,It is written
44,God Television (USA- Main Flagship Live),00:00,30,Dahinchu Agni
44,God Television (USA- Main Flagship Live),00:30,30,Bible Wonders
44,God Television (USA- Main Flagship Live),01:00,30,Subhaniriksana
44,God Television (USA- Main Flagship Live),01:30,30,Maranatha Darshanam
44,God Television (USA- Main Flagship Live),02:00,30,Bible Wonders
44,God Television (USA- Main Flagship Live),02:30,30,Calvary Deevana
44,God Television (USA- Main Flagship Live),03:00,30,Health Talk
44,God Television (USA- Main Flagship Live),03:30,30,Empowering
44,God Television (USA- Main Flagship Live),04:00,30,Agandi Alochinchandi
44,God Television (USA- Main Flagship Live),04:30,30,Adugudi Mekiyyabadunu
44,God Television (USA- Main Flagship Live),05:00,30,Parisuddhaathmuni Prathyakshatha
44,God Television (USA- Main Flagship Live),05:30,30,Karuninche Yesu Prema
44,God Television (USA- Main Flagship Live),06:00,30,End Times
44,God Television (USA- Main Flagship Live),06:30,30,Calvary Dharshanm
44,God Television (USA- Main Flagship Live),07:00,30,Ps. Joseph Edwards
44,God Television (USA- Main Flagship Live),07:30,30,Beracha Prophetic Ministries
44,God Television (USA- Main Flagship Live),08:00,30,Touching Heaven Changing Lives
44,God Television (USA- Main Flagship Live),08:30,30,Brathikinchu Vakyam
44,God Television (USA- Main Flagship Live),09:00,30,Krupa Samayam
44,God Television (USA- Main Flagship Live),09:30,30,Rev. Dr. A B Joseph Kishore
44,God Television (USA- Main Flagship Live),10:00,30,Calvary Swaram
44,God Television (USA- Main Flagship Live),10:30,30,Samapthamayindi
44,God Television (USA- Main Flagship Live),11:00,30,Touching Heaven Changing Lives
44,God Television (USA- Main Flagship Live),11:30,30,Wonders Of The Word
44,God Television (USA- Main Flagship Live),12:00,30,Satyavanthuni Swaramu / Bethel Swaram
44,God Television (USA- Main Flagship Live),12:30,30,Christ For You
44,God Television (USA- Main Flagship Live),13:00,30,Heavenly Feast
44,God Television (USA- Main Flagship Live),13:30,30,Santhi Swapnam
44,God Television (USA- Main Flagship Live),14:00,30,Grace Revolution Church
44,God Television (USA- Main Flagship Live),14:30,30,Dahinchu Agni
44,God Television (USA- Main Flagship Live),15:00,30,Maranatha Darshanam
44,God Television (USA- Main Flagship Live),15:30,30,Rev. Dr. A B Joseph Kishore
44,God Television (USA- Main Flagship Live),16:00,30,Priyamaina Nestham
44,God Television (USA- Main Flagship Live),16:30,30,Prabhuto Prabhatam
44,God Television (USA- Main Flagship Live),17:00,30,Adugudi Mekiyyabadunu
44,God Television (USA- Main Flagship Live),17:30,30,Calvary Swaram
44,God Television (USA- Main Flagship Live),18:00,30,Calvary Swaram
44,God Television (USA- Main Flagship Live),18:30,30,Yesugana Lahari
44,God Television (USA- Main Flagship Live),19:00,30,Aathma Bandham
44,God Television (USA- Main Flagship Live),19:30,30,Yese Jeevaharam
44,God Television (USA- Main Flagship Live),20:00,30,Yesaiyalo Ashirwadam
44,God Television (USA- Main Flagship Live),20:30,30,Kristhu Prema Pilupu
44,God Television (USA- Main Flagship Live),21:00,30,All Things Are Possible
44,God Television (USA- Main Flagship Live),21:30,30,Paraloka Nestham
44,God Television (USA- Main Flagship Live),22:00,30,Hosanna Divasandeshalu
44,God Television (USA- Main Flagship Live),22:30,30,Priyamaina Nestham
44,God Television (USA- Main Flagship Live),23:00,30,Krupanjali
44,God Television (USA- Main Flagship Live),23:30,30,End Times
45,CBN Family,00:00,30,Currently Being Updated
45,CBN Family,00:30,30,Currently Being Updated
45,CBN Family,01:00,30,Currently Being Updated
45,CBN Family,01:30,30,Currently Being Updated
45,CBN Family,02:00,30,Currently Being Updated
45,CBN Family,02:30,30,Currently Being Updated
45,CBN Family,03:00,30,Currently Being Updated
45,CBN Family,03:30,30,Currently Being Updated
45,CBN Family,04:00,30,Currently Being Updated
45,CBN Family,04:30,30,Currently Being Updated
45,CBN Family,05:00,30,Currently Being Updated
45,CBN Family,05:30,30,Currently Being Updated
45,CBN Family,06:00,30,Currently Being Updated
45,CBN Family,06:30,30,Currently Being Updated
45,CBN Family,07:00,30,Currently Being Updated
45,CBN Family,07:30,30,Currently Being Updated
45,CBN Family,08:00,30,Currently Being Updated
45,CBN Family,08:30,30,Currently Being Updated
45,CBN Family,09:00,30,Currently Being Updated
45,CBN Family,09:30,30,Currently Being Updated
45,CBN Family,10:00,30,Currently Being Updated
45,CBN Family,10:30,30,Currently Being Updated
45,CBN Family,11:00,30,Currently Being Updated
45,CBN Family,11:30,30,Currently Being Updated
45,CBN Family,12:00,30,Currently Being Updated
45,CBN Family,12:30,30,Currently Being Updated
45,CBN Family,13:00,30,Currently Being Updated
45,CBN Family,13:30,30,Currently Being Updated
45,CBN Family,14:00,30,Currently Being Updated
45,CBN Family,14:30,30,Currently Being Updated
45,CBN Family,15:00,30,Currently Being Updated
45,CBN Family,15:30,30,Currently Being Updated
45,CBN Family,16:00,30,Currently Being Updated
45,CBN Family,16:30,30,Currently Being Updated
45,CBN Family,17:00,30,Currently Being Updated
45,CBN Family,17:30,30,Currently Being Updated
45,CBN Family,18:00,30,Currently Being Updated
45,CBN Family,18:30,30,Currently Being Updated
45,CBN Family,19:00,30,Currently Being Updated
45,CBN Family,19:30,30,Currently Being Updated
45,CBN Family,20:00,30,Currently Being Updated
45,CBN Family,20:30,30,Currently Being Updated
45,CBN Family,21:00,30,Currently Being Updated
45,CBN Family,21:30,30,Currently Being Updated
45,CBN Family,22:00,30,Currently Being Updated
45,CBN Family,22:30,30,Currently Being Updated
45,CBN Family,23:00,30,Currently Being Updated
45,CBN Family,23:30,30,Currently Being Updated
46,Safe TV,00:00,30,Currently Being Updated
46,Safe TV,00:30,30,Currently Being Updated
46,Safe TV,01:00,30,Currently Being Updated
46,Safe TV,01:30,30,Currently Being Updated
46,Safe TV,02:00,30,Currently Being Updated
46,Safe TV,02:30,30,Currently Being Updated
46,Safe TV,03:00,30,Currently Being Updated
46,Safe TV,03:30,30,Currently Being Updated
46,Safe TV,04:00,30,Currently Being Updated
46,Safe TV,04:30,30,Currently Being Updated
46,Safe TV,05:00,30,Currently Being Updated
46,Safe TV,05:30,30,Currently Being Updated
46,Safe TV,06:00,30,Currently Being Updated
46,Safe TV,06:30,30,Currently Being Updated
46,Safe TV,07:00,30,Currently Being Updated
46,Safe TV,07:30,30,Currently Being Updated
46,Safe TV,08:00,30,Currently Being Updated
46,Safe TV,08:30,30,Currently Being Updated
46,Safe TV,09:00,30,Currently Being Updated
46,Safe TV,09:30,30,Currently Being Updated
46,Safe TV,10:00,30,Currently Being Updated
46,Safe TV,10:30,30,Currently Being Updated
46,Safe TV,11:00,30,Currently Being Updated
46,Safe TV,11:30,30,Currently Being Updated
46,Safe TV,12:00,30,Currently Being Updated
46,Safe TV,12:30,30,Currently Being Updated
46,Safe TV,13:00,30,Currently Being Updated
46,Safe TV,13:30,30,Currently Being Updated
46,Safe TV,14:00,30,Currently Being Updated
46,Safe TV,14:30,30,Currently Being Updated
46,Safe TV,15:00,30,Currently Being Updated
46,Safe TV,15:30,30,Currently Being Updated
46,Safe TV,16:00,30,Currently Being Updated
46,Safe TV,16:30,30,Currently Being Updated
46,Safe TV,17:00,30,Currently Being Updated
46,Safe TV,17:30,30,Currently Being Updated
46,Safe TV,18:00,30,Currently Being Updated
46,Safe TV,18:30,30,Currently Being Updated
46,Safe TV,19:00,30,Currently Being Updated
46,Safe TV,19:30,30,Currently Being Updated
46,Safe TV,20:00,30,Currently Being Updated
46,Safe TV,20:30,30,Currently Being Updated
46,Safe TV,21:00,30,Currently Being Updated
46,Safe TV,21:30,30,Currently Being Updated
46,Safe TV,22:00,30,Currently Being Updated
46,Safe TV,22:30,30,Currently Being Updated
46,Safe TV,23:00,30,Currently Being Updated
46,Safe TV,23:30,30,Currently Being Updated
47,LLBN LATINO,00:00,28,3ABN Gravando (Portugués)
47,LLBN LATINO,00:30,28,Está Escrito (Português)
47,LLBN LATINO,01:00,58,Solo con Su Espíritu
47,LLBN LATINO,02:00,27,La Gran RevelacióN 
47,LLBN LATINO,02:30,28,El Jóven de Hoy
47,LLBN LATINO,03:00,27,Certeza y Convicción
47,LLBN LATINO,03:30,28,A los Pies de Jesús
47,LLBN LATINO,04:00,28,Renacer en Jesús
47,LLBN LATINO,04:30,28,Alabanzas Infantiles
47,LLBN LATINO,05:00,58,Embelleciendo tu Carácter
47,LLBN LATINO,06:00,56,3ABN Hoy
47,LLBN LATINO,07:00,14,A Cristo Adoremos
47,LLBN LATINO,07:30,28,Lecciones de Vida
47,LLBN LATINO,08:00,58,Hora De Adoracion
47,LLBN LATINO,09:00,29,Ofrenda Musical
47,LLBN LATINO,09:30,28,Mensaje De Vida
47,LLBN LATINO,10:00,58,Anclas de la Verdad
47,LLBN LATINO,11:00,28,Piano Praise
47,LLBN LATINO,11:30,29,Punto Joven (½ hr)
47,LLBN LATINO,12:00,58,Victoria y Esperanza en Cristo
47,LLBN LATINO,13:00,56,3ABN Hoy
47,LLBN LATINO,14:00,14,Kids Praise Too!
47,LLBN LATINO,14:15,14,Kids Praise Too!
47,LLBN LATINO,14:30,26,Estrellitas de Jesús
47,LLBN LATINO,15:00,28,Maravillosa Creación
47,LLBN LATINO,15:30,28,Conexiones Biblicas
47,LLBN LATINO,16:00,28,Esperanza para el Tiempo del Fin
47,LLBN LATINO,17:30,28,Escrito Está (Spanish)
47,LLBN LATINO,18:00,56,3ABN Hoy
47,LLBN LATINO,19:00,55,Salvación en Señales y Símbolos
47,LLBN LATINO,20:00,58,Respuestas Biblicas
47,LLBN LATINO,21:00,28,Descubra
47,LLBN LATINO,21:30,29,Ofrenda Musical
47,LLBN LATINO,22:00,28,Vence
47,LLBN LATINO,22:30,27,La Biblia Sorprende
47,LLBN LATINO,23:00,55,3ABN Hoy
48,LLBN Asia,00:00,55,3ABN Today
48,LLBN Asia,01:00,58,Anchor Secrets Unsealed School of Theology: The End-Time Dimension of the Parables
48,LLBN Asia,02:00,28,A Wolf In Sheep's Clothing
48,LLBN Asia,02:30,27,Mission 360
48,LLBN Asia,03:00,59,Pillars of Faith
48,LLBN Asia,04:00,56,3ABN Australia Homecoming
48,LLBN Asia,05:00,14,Unshackled Purpose
48,LLBN Asia,05:15,14,Intimate Clarity
48,LLBN Asia,05:30,28,Multitude of Counselors
48,LLBN Asia,06:00,55,3ABN Today
48,LLBN Asia,07:00,28,Lineage
48,LLBN Asia,07:30,28,Tiny Tots for Jesus
48,LLBN Asia,08:00,28,The Creation Case
48,LLBN Asia,08:30,28,Laymen Ministries
48,LLBN Asia,09:00,58,Generation. Youth. Christ.
48,LLBN Asia,10:00,14,Unshackled Purpose
48,LLBN Asia,10:15,14,Raw Questions Relevant Answers
48,LLBN Asia,10:30,28,Perfecting Me
48,LLBN Asia,11:00,58,Revelation's Ancient Discoveries
48,LLBN Asia,12:00,56,3ABN Today Live
48,LLBN Asia,14:00,28,Body and Spirit Aerobics
48,LLBN Asia,14:30,28,Multitude of Counselors
48,LLBN Asia,15:00,28,Destination 10/40
48,LLBN Asia,15:30,28,HeartLift
48,LLBN Asia,16:00,59,Pathway to Life
48,LLBN Asia,17:00,28,Healthy Living
48,LLBN Asia,17:30,28,Maranatha Mission Stories
48,LLBN Asia,18:00,28,Melody from My Heart
48,LLBN Asia,18:30,28,Salvation in Symbols and Signs
48,LLBN Asia,19:00,55,3ABN Today
48,LLBN Asia,20:00,28,AWR360 Broadcast to Baptism
48,LLBN Asia,20:30,28,Abundant Living
48,LLBN Asia,21:00,28,Body and Spirit (New)
48,LLBN Asia,21:30,28,The Incredible Journey
48,LLBN Asia,22:00,28,3ABN Kids Camp Kitchen Fun
48,LLBN Asia,22:30,28,The Creation Case
48,LLBN Asia,23:00,28,Three Angels for Kids
48,LLBN Asia,23:30,28,People Just Like Us
49,LLBN Arabic,03:00,240,Love World Christian Network
49,LLBN Arabic,07:00,240,Love World Christian Network
49,LLBN Arabic,11:00,240,Love World Christian Network
49,LLBN Arabic,15:00,240,Love World Christian Network
49,LLBN Arabic,19:00,300,Love World Christian Network
50,Inspiration TV,00:00,30,Currently Being Updated
50,Inspiration TV,00:30,30,Currently Being Updated
50,Inspiration TV,01:00,30,Currently Being Updated
50,Inspiration TV,01:30,30,Currently Being Updated
50,Inspiration TV,02:00,30,Currently Being Updated
50,Inspiration TV,02:30,30,Currently Being Updated
50,Inspiration TV,03:00,30,Currently Being Updated
50,Inspiration TV,03:30,30,Currently Being Updated
50,Inspiration TV,04:00,30,Currently Being Updated
50,Inspiration TV,04:30,30,Currently Being Updated
50,Inspiration TV,05:00,30,Currently Being Updated
50,Inspiration TV,05:30,30,Currently Being Updated
50,Inspiration TV,06:00,30,Currently Being Updated
50,Inspiration TV,06:30,30,Currently Being Updated
50,Inspiration TV,07:00,30,Currently Being Updated
50,Inspiration TV,07:30,30,Currently Being Updated
50,Inspiration TV,08:00,30,Currently Being Updated
50,Inspiration TV,08:30,30,Currently Being Updated
50,Inspiration TV,09:00,30,Currently Being Updated
50,Inspiration TV,09:30,30,Currently Being Updated
50,Inspiration TV,10:00,30,Currently Being Updated
50,Inspiration TV,10:30,30,Currently Being Updated
50,Inspiration TV,11:00,30,Currently Being Updated
50,Inspiration TV,11:30,30,Currently Being Updated
50,Inspiration TV,12:00,30,Currently Being Updated
50,Inspiration TV,12:30,30,Currently Being Updated
50,Inspiration TV,13:00,30,Currently Being Updated
50,Inspiration TV,13:30,30,Currently Being Updated
50,Inspiration TV,14:00,30,Currently Being Updated
50,Inspiration TV,14:30,30,Currently Being Updated
50,Inspiration TV,15:00,30,Currently Being Updated
50,Inspiration TV,15:30,30,Currently Being Updated
50,Inspiration TV,16:00,30,Currently Being Updated
50,Inspiration TV,16:30,30,Currently Being Updated
50,Inspiration TV,17:00,30,Currently Being Updated
50,Inspiration TV,17:30,30,Currently Being Updated
50,Inspiration TV,18:00,30,Currently Being Updated
50,Inspiration TV,18:30,30,Currently Being Updated
50,Inspiration TV,19:00,30,Currently Being Updated
50,Inspiration TV,19:30,30,Currently Being Updated
50,Inspiration TV,20:00,30,Currently Being Updated
50,Inspiration TV,20:30,30,Currently Being Updated
50,Inspiration TV,21:00,30,Currently Being Updated
50,Inspiration TV,21:30,30,Currently Being Updated
50,Inspiration TV,22:00,30,Currently Being Updated
50,Inspiration TV,22:30,30,Currently Being Updated
50,Inspiration TV,23:00,30,Currently Being Updated
50,Inspiration TV,23:30,30,Currently Being Updated
51,3ABN Kids,00:00,30,Dr. Robert Jeffress
51,3ABN Kids,00:30,30,Christian World News
51,3ABN Kids,01:00,30,Divine
51,3ABN Kids,01:30,60,Radiant TV
51,3ABN Kids,02:30,30,Let's Go
51,3ABN Kids,03:00,60,Christian Worship Hour
51,3ABN Kids,04:00,30,SuperBook
51,3ABN Kids,04:30,30,SuperChannel Presents
51,3ABN Kids,05:00,30,Variety
51,3ABN Kids,05:30,30,Variety
51,3ABN Kids,06:00,30,Variety
51,3ABN Kids,06:30,30,Variety
51,3ABN Kids,07:00,30,Variety
51,3ABN Kids,07:30,30,Variety
51,3ABN Kids,08:00,30,Variety
51,3ABN Kids,08:30,30,Variety
51,3ABN Kids,09:00,30,Sid Roth
51,3ABN Kids,09:30,30,SuperChannel Presents
51,3ABN Kids,10:00,30,SuperChannel Presents
51,3ABN Kids,10:30,30,End Time Ministries
51,3ABN Kids,11:00,30,Variety
51,3ABN Kids,11:30,30,Variety
51,3ABN Kids,12:00,30,Variety
51,3ABN Kids,12:30,30,JUMP Ministries
51,3ABN Kids,13:00,30,Variety
51,3ABN Kids,13:30,30,Variety
51,3ABN Kids,14:00,30,Variety
51,3ABN Kids,14:30,30,Variety
51,3ABN Kids,15:00,30,Power of Prasie
51,3ABN Kids,15:30,30,Shake The Nations
51,3ABN Kids,16:00,30,Jim Raley
51,3ABN Kids,16:30,60,Healing Touch
51,3ABN Kids,17:30,60,Variety
51,3ABN Kids,18:30,30,Pastor Ock Soo Park's Lecture Series
51,3ABN Kids,19:00,30,Variety
51,3ABN Kids,19:30,30,SuperChannel Presents
51,3ABN Kids,20:00,60,Victory Gospel Hour
51,3ABN Kids,21:00,30,Variety
51,3ABN Kids,21:30,30,Jimmy Swaggert
51,3ABN Kids,22:00,30,Shake The Nations
51,3ABN Kids,22:30,30,CBN News
51,3ABN Kids,23:00,30,Angela
51,3ABN Kids,23:30,30,Variety
52,Gospel Broadcasting Network,00:00,30,Currently Being Updated
52,Gospel Broadcasting Network,00:30,30,Currently Being Updated
52,Gospel Broadcasting Network,01:00,30,Currently Being Updated
52,Gospel Broadcasting Network,01:30,30,Currently Being Updated
52,Gospel Broadcasting Network,02:00,30,Currently Being Updated
52,Gospel Broadcasting Network,02:30,30,Currently Being Updated
52,Gospel Broadcasting Network,03:00,30,Currently Being Updated
52,Gospel Broadcasting Network,03:30,30,Currently Being Updated
52,Gospel Broadcasting Network,04:00,30,Currently Being Updated
52,Gospel Broadcasting Network,04:30,30,Currently Being Updated
52,Gospel Broadcasting Network,05:00,30,Currently Being Updated
52,Gospel Broadcasting Network,05:30,30,Currently Being Updated
52,Gospel Broadcasting Network,06:00,30,Currently Being Updated
52,Gospel Broadcasting Network,06:30,30,Currently Being Updated
52,Gospel Broadcasting Network,07:00,30,Currently Being Updated
52,Gospel Broadcasting Network,07:30,30,Currently Being Updated
52,Gospel Broadcasting Network,08:00,30,Currently Being Updated
52,Gospel Broadcasting Network,08:30,30,Currently Being Updated
52,Gospel Broadcasting Network,09:00,30,Currently Being Updated
52,Gospel Broadcasting Network,09:30,30,Currently Being Updated
52,Gospel Broadcasting Network,10:00,30,Currently Being Updated
52,Gospel Broadcasting Network,10:30,30,Currently Being Updated
52,Gospel Broadcasting Network,11:00,30,Currently Being Updated
52,Gospel Broadcasting Network,11:30,30,Currently Being Updated
52,Gospel Broadcasting Network,12:00,30,Currently Being Updated
52,Gospel Broadcasting Network,12:30,30,Currently Being Updated
52,Gospel Broadcasting Network,13:00,30,Currently Being Updated
52,Gospel Broadcasting Network,13:30,30,Currently Being Updated
52,Gospel Broadcasting Network,14:00,30,Currently Being Updated
52,Gospel Broadcasting Network,14:30,30,Currently Being Updated
52,Gospel Broadcasting Network,15:00,30,Currently Being Updated
52,Gospel Broadcasting Network,15:30,30,Currently Being Updated
52,Gospel Broadcasting Network,16:00,30,Currently Being Updated
52,Gospel Broadcasting Network,16:30,30,Currently Being Updated
52,Gospel Broadcasting Network,17:00,30,Currently Being Updated
52,Gospel Broadcasting Network,17:30,30,Currently Being Updated
52,Gospel Broadcasting Network,18:00,30,Currently Being Updated
52,Gospel Broadcasting Network,18:30,30,Currently Being Updated
52,Gospel Broadcasting Network,19:00,30,Currently Being Updated
52,Gospel Broadcasting Network,19:30,30,Currently Being Updated
52,Gospel Broadcasting Network,20:00,30,Currently Being Updated
52,Gospel Broadcasting Network,20:30,30,Currently Being Updated
52,Gospel Broadcasting Network,21:00,30,Currently Being Updated
52,Gospel Broadcasting Network,21:30,30,Currently Being Updated
52,Gospel Broadcasting Network,22:00,30,Currently Being Updated
52,Gospel Broadcasting Network,22:30,30,Currently Being Updated
52,Gospel Broadcasting Network,23:00,30,Currently Being Updated
52,Gospel Broadcasting Network,23:30,30,Currently Being Updated
53,The Word Network,00:00,30,Currently Being Updated
53,The Word Network,00:30,30,Currently Being Updated
53,The Word Network,01:00,30,Currently Being Updated
53,The Word Network,01:30,30,Currently Being Updated
53,The Word Network,02:00,30,Currently Being Updated
53,The Word Network,02:30,30,Currently Being Updated
53,The Word Network,03:00,30,Currently Being Updated
53,The Word Network,03:30,30,Currently Being Updated
53,The Word Network,04:00,30,Currently Being Updated
53,The Word Network,04:30,30,Currently Being Updated
53,The Word Network,05:00,30,Currently Being Updated
53,The Word Network,05:30,30,Currently Being Updated
53,The Word Network,06:00,30,Currently Being Updated
53,The Word Network,06:30,30,Currently Being Updated
53,The Word Network,07:00,30,Currently Being Updated
53,The Word Network,07:30,30,Currently Being Updated
53,The Word Network,08:00,30,Currently Being Updated
53,The Word Network,08:30,30,Currently Being Updated
53,The Word Network,09:00,30,Currently Being Updated
53,The Word Network,09:30,30,Currently Being Updated
53,The Word Network,10:00,30,Currently Being Updated
53,The Word Network,10:30,30,Currently Being Updated
53,The Word Network,11:00,30,Currently Being Updated
53,The Word Network,11:30,30,Currently Being Updated
53,The Word Network,12:00,30,Currently Being Updated
53,The Word Network,12:30,30,Currently Being Updated
53,The Word Network,13:00,30,Currently Being Updated
53,The Word Network,13:30,30,Currently Being Updated
53,The Word Network,14:00,30,Currently Being Updated
53,The Word Network,14:30,30,Currently Being Updated
53,The Word Network,15:00,30,Currently Being Updated
53,The Word Network,15:30,30,Currently Being Updated
53,The Word Network,16:00,30,Currently Being Updated
53,The Word Network,16:30,30,Currently Being Updated
53,The Word Network,17:00,30,Currently Being Updated
53,The Word Network,17:30,30,Currently Being Updated
53,The Word Network,18:00,30,Currently Being Updated
53,The Word Network,18:30,30,Currently Being Updated
53,The Word Network,19:00,30,Currently Being Updated
53,The Word Network,19:30,30,Currently Being Updated
53,The Word Network,20:00,30,Currently Being Updated
53,The Word Network,20:30,30,Currently Being Updated
53,The Word Network,21:00,30,Currently Being Updated
53,The Word Network,21:30,30,Currently Being Updated
53,The Word Network,22:00,30,Currently Being Updated
53,The Word Network,22:30,30,Currently Being Updated
53,The Word Network,23:00,30,Currently Being Updated
53,The Word Network,23:30,30,Currently Being Updated
54,Hope Channel,00:00,30,Currently Being Updated
54,Hope Channel,00:30,30,Currently Being Updated
54,Hope Channel,01:00,30,Currently Being Updated
54,Hope Channel,01:30,30,Currently Being Updated
54,Hope Channel,02:00,30,Currently Being Updated
54,Hope Channel,02:30,30,Currently Being Updated
54,Hope Channel,03:00,30,Currently Being Updated
54,Hope Channel,03:30,30,Currently Being Updated
54,Hope Channel,04:00,30,Currently Being Updated
54,Hope Channel,04:30,30,Currently Being Updated
54,Hope Channel,05:00,30,Currently Being Updated
54,Hope Channel,05:30,30,Currently Being Updated
54,Hope Channel,06:00,30,Currently Being Updated
54,Hope Channel,06:30,30,Currently Being Updated
54,Hope Channel,07:00,30,Currently Being Updated
54,Hope Channel,07:30,30,Currently Being Updated
54,Hope Channel,08:00,30,Currently Being Updated
54,Hope Channel,08:30,30,Currently Being Updated
54,Hope Channel,09:00,30,Currently Being Updated
54,Hope Channel,09:30,30,Currently Being Updated
54,Hope Channel,10:00,30,Currently Being Updated
54,Hope Channel,10:30,30,Currently Being Updated
54,Hope Channel,11:00,30,Currently Being Updated
54,Hope Channel,11:30,30,Currently Being Updated
54,Hope Channel,12:00,30,Currently Being Updated
54,Hope Channel,12:30,30,Currently Being Updated
54,Hope Channel,13:00,30,Currently Being Updated
54,Hope Channel,13:30,30,Currently Being Updated
54,Hope Channel,14:00,30,Currently Being Updated
54,Hope Channel,14:30,30,Currently Being Updated
54,Hope Channel,15:00,30,Currently Being Updated
54,Hope Channel,15:30,30,Currently Being Updated
54,Hope Channel,16:00,30,Currently Being Updated
54,Hope Channel,16:30,30,Currently Being Updated
54,Hope Channel,17:00,30,Currently Being Updated
54,Hope Channel,17:30,30,Currently Being Updated
54,Hope Channel,18:00,30,Currently Being Updated
54,Hope Channel,18:30,30,Currently Being Updated
54,Hope Channel,19:00,30,Currently Being Updated
54,Hope Channel,19:30,30,Currently Being Updated
54,Hope Channel,20:00,30,Currently Being Updated
54,Hope Channel,20:30,30,Currently Being Updated
54,Hope Channel,21:00,30,Currently Being Updated
54,Hope Channel,21:30,30,Currently Being Updated
54,Hope Channel,22:00,30,Currently Being Updated
54,Hope Channel,22:30,30,Currently Being Updated
54,Hope Channel,23:00,30,Currently Being Updated
54,Hope Channel,23:30,30,Currently Being Updated
55,Corner Stone TV,00:00,30,Currently Being Updated
55,Corner Stone TV,00:30,30,Currently Being Updated
55,Corner Stone TV,01:00,30,Currently Being Updated
55,Corner Stone TV,01:30,30,Currently Being Updated
55,Corner Stone TV,02:00,30,Currently Being Updated
55,Corner Stone TV,02:30,30,Currently Being Updated
55,Corner Stone TV,03:00,30,Currently Being Updated
55,Corner Stone TV,03:30,30,Currently Being Updated
55,Corner Stone TV,04:00,30,Currently Being Updated
55,Corner Stone TV,04:30,30,Currently Being Updated
55,Corner Stone TV,05:00,30,Currently Being Updated
55,Corner Stone TV,05:30,30,Currently Being Updated
55,Corner Stone TV,06:00,30,Currently Being Updated
55,Corner Stone TV,06:30,30,Currently Being Updated
55,Corner Stone TV,07:00,30,Currently Being Updated
55,Corner Stone TV,07:30,30,Currently Being Updated
55,Corner Stone TV,08:00,30,Currently Being Updated
55,Corner Stone TV,08:30,30,Currently Being Updated
55,Corner Stone TV,09:00,30,Currently Being Updated
55,Corner Stone TV,09:30,30,Currently Being Updated
55,Corner Stone TV,10:00,30,Currently Being Updated
55,Corner Stone TV,10:30,30,Currently Being Updated
55,Corner Stone TV,11:00,30,Currently Being Updated
55,Corner Stone TV,11:30,30,Currently Being Updated
55,Corner Stone TV,12:00,30,Currently Being Updated
55,Corner Stone TV,12:30,30,Currently Being Updated
55,Corner Stone TV,13:00,30,Currently Being Updated
55,Corner Stone TV,13:30,30,Currently Being Updated
55,Corner Stone TV,14:00,30,Currently Being Updated
55,Corner Stone TV,14:30,30,Currently Being Updated
55,Corner Stone TV,15:00,30,Currently Being Updated
55,Corner Stone TV,15:30,30,Currently Being Updated
55,Corner Stone TV,16:00,30,Currently Being Updated
55,Corner Stone TV,16:30,30,Currently Being Updated
55,Corner Stone TV,17:00,30,Currently Being Updated
55,Corner Stone TV,17:30,30,Currently Being Updated
55,Corner Stone TV,18:00,30,Currently Being Updated
55,Corner Stone TV,18:30,30,Currently Being Updated
55,Corner Stone TV,19:00,30,Currently Being Updated
55,Corner Stone TV,19:30,30,Currently Being Updated
55,Corner Stone TV,20:00,30,Currently Being Updated
55,Corner Stone TV,20:30,30,Currently Being Updated
55,Corner Stone TV,21:00,30,Currently Being Updated
55,Corner Stone TV,21:30,30,Currently Being Updated
55,Corner Stone TV,22:00,30,Currently Being Updated
55,Corner Stone TV,22:30,30,Currently Being Updated
55,Corner Stone TV,23:00,30,Currently Being Updated
55,Corner Stone TV,23:30,30,Currently Being Updated
56,LLBN,00:30,30,By his Hand - 25 Years of GOD TV
56,LLBN,01:00,30,Jerusalem Dateline
56,LLBN,01:30,30,Amazing Facts With Doug Batchelor
56,LLBN,02:00,30,John Hagee Ministries
56,LLBN,02:30,60,The Prayer Room
56,LLBN,03:30,40,King of Glory conference
56,LLBN,04:10,20,God TV Worship
56,LLBN,04:30,30,GOD TV Content
56,LLBN,05:00,30,Walking By Faith
56,LLBN,05:30,30,Amazing Facts With Doug Batchelor
56,LLBN,06:00,30,Message Trust - Eden The Walk
56,LLBN,06:30,30,Parent Compass
56,LLBN,07:00,30,The Cry with Betty King
56,LLBN,07:30,30,Courts Of Heaven
56,LLBN,08:00,30,The Jewish Jesus With Rabbi Kirt Schneider
56,LLBN,08:30,60,The Revival Train - Angus Buchan
56,LLBN,09:30,30,GOD TV Content
56,LLBN,10:00,30,God at Work
56,LLBN,10:30,60,ORU Chapel
56,LLBN,11:30,30,Desire of All Nations
56,LLBN,12:00,30,Israel: The Prophetic Connection
56,LLBN,12:30,30,Gather
56,LLBN,13:00,30,Michael Youssef
56,LLBN,13:30,30,GOD TV Content
56,LLBN,14:00,30,Life On Fire
56,LLBN,14:30,30,Jewish Voice - Rabbi Bernis
56,LLBN,15:00,30,A Life You Love with Renee Evans
56,LLBN,15:30,60,John Kilpatrick
56,LLBN,16:30,120,GOD TV Content
56,LLBN,18:30,30,GOD TV Standing Together
56,LLBN,19:00,30,God TV Worship
56,LLBN,19:30,30,A Life You Love with Renee Evans
56,LLBN,20:00,30,God at Work
56,LLBN,20:30,30,By his Hand - 25 Years of GOD TV
56,LLBN,21:00,120,GOD TV Content
56,LLBN,23:00,30,GOD TV Standing Together
56,LLBN,23:30,30,God TV Worship
57,Son Broadcasting Network,00:00,30,Studio Five
57,Son Broadcasting Network,00:30,30,The 700 Club Canada
57,Son Broadcasting Network,01:00,30,Faithwire
57,Son Broadcasting Network,01:30,60,The 700 Club
57,Son Broadcasting Network,02:30,30,Flying House
57,Son Broadcasting Network,03:00,30,Classic Superbook
57,Son Broadcasting Network,03:30,30,Storyteller Cafe
57,Son Broadcasting Network,04:00,30,Superbook
57,Son Broadcasting Network,04:30,30,Flying House
57,Son Broadcasting Network,05:00,30,Classic Superbook
57,Son Broadcasting Network,05:30,30,Storyteller Cafe
57,Son Broadcasting Network,06:00,30,Superbook
57,Son Broadcasting Network,06:30,60,The 700 Club
57,Son Broadcasting Network,07:30,30,Faith Nation
57,Son Broadcasting Network,08:00,30,Prayer Link
57,Son Broadcasting Network,08:30,30,Jerusalem Dateline
57,Son Broadcasting Network,09:00,30,Newswatch
57,Son Broadcasting Network,09:30,30,Faith Nation
57,Son Broadcasting Network,10:00,30,On The Homefront
57,Son Broadcasting Network,10:30,60,The 700 Club
57,Son Broadcasting Network,11:30,30,Superbook
57,Son Broadcasting Network,12:00,30,Superbook
57,Son Broadcasting Network,12:30,30,The 700 Club Canada
57,Son Broadcasting Network,13:00,30,Christian World News
57,Son Broadcasting Network,13:30,30,Faith Nation
57,Son Broadcasting Network,14:00,90,Our Father - Keys To The Lord's Prayer
57,Son Broadcasting Network,15:30,30,The Fall of Constantinople
57,Son Broadcasting Network,16:00,30,Pocahontas
57,Son Broadcasting Network,16:30,60,The 700 Club
57,Son Broadcasting Network,17:30,30,Healthy Living
57,Son Broadcasting Network,18:00,90,To Life
57,Son Broadcasting Network,19:30,60,The 700 Club
57,Son Broadcasting Network,20:30,30,Newswatch
57,Son Broadcasting Network,21:00,30,700 Club Interactive
57,Son Broadcasting Network,21:30,60,Protect Your Heart
57,Son Broadcasting Network,22:30,60,To Life
58,BEVERLY HILLBILLIES TV,00:00,30,Amazing Facts presents
58,BEVERLY HILLBILLIES TV,00:30,30,Restoration Road
58,BEVERLY HILLBILLIES TV,01:00,30,My Alaska
58,BEVERLY HILLBILLIES TV,01:30,30,Breath of Life
58,BEVERLY HILLBILLIES TV,02:00,60,Discover Prophecy
58,BEVERLY HILLBILLIES TV,03:00,60,Sabbath School Study Hour
58,BEVERLY HILLBILLIES TV,04:00,30,Esta' Escrito
58,BEVERLY HILLBILLIES TV,04:30,30,Canadian It Is Written
58,BEVERLY HILLBILLIES TV,05:00,60,Sabbath School Study Hour
58,BEVERLY HILLBILLIES TV,06:00,30,Classic Breath of Life
58,BEVERLY HILLBILLIES TV,06:30,30,It Is Written
58,BEVERLY HILLBILLIES TV,07:00,30,Faith For Today
58,BEVERLY HILLBILLIES TV,07:30,30,Awesome Scients
58,BEVERLY HILLBILLIES TV,08:00,30,Discovery Jones
58,BEVERLY HILLBILLIES TV,08:30,30,Gerbert
58,BEVERLY HILLBILLIES TV,09:00,60,Everlasting Gospel
58,BEVERLY HILLBILLIES TV,10:00,60,Hope Lives
58,BEVERLY HILLBILLIES TV,11:00,30,It Is Written
58,BEVERLY HILLBILLIES TV,11:30,30,Gospel Outreach
58,BEVERLY HILLBILLIES TV,12:00,30,Classic Breath of Life
58,BEVERLY HILLBILLIES TV,12:30,30,My Alaska with Ken Crawford
58,BEVERLY HILLBILLIES TV,13:00,30,Sermon On The Mount
58,BEVERLY HILLBILLIES TV,13:30,30,It Is Written
58,BEVERLY HILLBILLIES TV,14:00,60,New Perceptions
58,BEVERLY HILLBILLIES TV,15:00,30,Purely Music
58,BEVERLY HILLBILLIES TV,15:30,30,Native New Day
58,BEVERLY HILLBILLIES TV,16:00,60,Conversations About God
58,BEVERLY HILLBILLIES TV,17:00,30,Gospel Outreach
58,BEVERLY HILLBILLIES TV,17:30,30,AWR 360
58,BEVERLY HILLBILLIES TV,18:00,60,Carter Report
58,BEVERLY HILLBILLIES TV,19:00,60,Hope Lives 365
58,BEVERLY HILLBILLIES TV,20:00,60,Dr. David DeRose
58,BEVERLY HILLBILLIES TV,21:00,60,Classic Arts
58,BEVERLY HILLBILLIES TV,22:00,60,Classic Arts
58,BEVERLY HILLBILLIES TV,23:00,60,New Perceptions
59,ABN AFRICA,00:00,23,BDN P56 B2 362M
59,ABN AFRICA,00:23,1,PSAT1_30 Siempre Estare Aqui
59,ABN AFRICA,00:24,1,CDCT1_01 Regresar a Nuestras Vidas (Espanol)
59,ABN AFRICA,00:25,1,PROT1_29 LLBN Latino Promo
59,ABN AFRICA,00:27,2,MUS_T02_57
59,ABN AFRICA,00:30,38,APA_0003_T38_10 La Aparicion
59,ABN AFRICA,01:08,3,MUS_T03_59
59,ABN AFRICA,01:12,1,PSAT1_30 El Mundo
59,ABN AFRICA,01:13,1,PROT1_29 LLBN Latino Promo
59,ABN AFRICA,01:15,9,RDA_Vol 4 Part 21_T09_14 - El misterio
59,ABN AFRICA,01:24,5,MUS_T05_08
59,ABN AFRICA,01:29,0,PROT30sec 6 languages
59,ABN AFRICA,01:30,27,ACR_001_T27_39
59,ABN AFRICA,01:57,2,MUS_T02_11
59,ABN AFRICA,02:00,28,NGP_T28_34 Leonardo Da Vinci
59,ABN AFRICA,02:28,0,SIDT30sec V1
59,ABN AFRICA,02:29,0,PSAT1_00 Todo es Posible
59,ABN AFRICA,02:30,27,MAI_052_T27_43
59,ABN AFRICA,02:57,2,MUS_T02_10
59,ABN AFRICA,02:59,0,SIDbT07
59,ABN AFRICA,03:00,7,MEF_07A_T07_24
59,ABN AFRICA,03:07,14,MEF_07B_T14_28
59,ABN AFRICA,03:21,6,MEF_07C_T06_40
59,ABN AFRICA,03:28,1,DONT1_08 Rasi H Donaciones
59,ABN AFRICA,03:29,0,PSAT20s El Pan
59,ABN AFRICA,03:30,28,DAP220T28_00
59,ABN AFRICA,03:58,1,PSAT1_00 - Juan (Espanol)
59,ABN AFRICA,03:59,0,SIDbT03
59,ABN AFRICA,03:59,0,PSAT30sec Todo es Posible
59,ABN AFRICA,03:59,0,PROT30sec 6 languages
59,ABN AFRICA,04:00,49,SQR_005_T49_29
59,ABN AFRICA,04:49,1,DONT1_00 Bullon donacion
59,ABN AFRICA,04:50,2,MUS_T02_26
59,ABN AFRICA,04:52,0,PSAT30sec Comparte el Amor
59,ABN AFRICA,04:53,2,MUS_T02_55
59,ABN AFRICA,04:56,0,SLOT12s VargasA
59,ABN AFRICA,04:56,0,SLOT12s VargasS
59,ABN AFRICA,04:56,3,MUS_T03_17
59,ABN AFRICA,05:10,1,CDCT1_01 - Abuelita (Espanol)
59,ABN AFRICA,05:11,1,PSAT60s Change the Outcome (Spanish)
59,ABN AFRICA,05:12,5,MUS_T05_06
59,ABN AFRICA,05:17,0,DRPT31sec Proverbios 2:6-15a
59,ABN AFRICA,05:17,5,MUS_T05_14
59,ABN AFRICA,05:22,0,SLOT12s CanizalesR
59,ABN AFRICA,05:23,1,LIV_T1_20 - Carrot
59,ABN AFRICA,05:24,5,MUS_T05_31
59,ABN AFRICA,05:29,0,SIDbT06
59,ABN AFRICA,05:30,30,CLL_S1E06_T30_00
59,ABN AFRICA,06:00,25,MUS_HSC 028_T25_45
59,ABN AFRICA,06:25,1,PSAT1_30 Siempre Estare Aqui
59,ABN AFRICA,06:27,1,CDCT1_01 Nos Estaremos Viendo (Espanol)
59,ABN AFRICA,06:28,1,MUS_T01_25
59,ABN AFRICA,06:29,0,PSAT20s El Autobus
59,ABN AFRICA,06:30,25,NHP_0007_T25_55 La Malvada Sodoma
59,ABN AFRICA,06:55,0,SLOT12s RasiJ
59,ABN AFRICA,06:56,3,MUS_T03_54
59,ABN AFRICA,07:10,1,CDCT1_01 - Abuelita (Espanol)
59,ABN AFRICA,07:11,1,PSAT60s Change the Outcome (Spanish)
59,ABN AFRICA,07:12,5,MUS_T05_06
59,ABN AFRICA,07:17,0,DRPT31sec Proverbios 2:6-15a
59,ABN AFRICA,07:17,5,MUS_T05_14
59,ABN AFRICA,07:22,0,SLOT12s CanizalesR
59,ABN AFRICA,07:23,1,LIV_T1_20 - Carrot
59,ABN AFRICA,07:24,5,MUS_T05_31
59,ABN AFRICA,07:29,0,SIDbT06
59,ABN AFRICA,07:30,28,HEA_06_T28_33
59,ABN AFRICA,07:58,1,DONT1_28 Serrano Salim Donaciones
59,ABN AFRICA,08:00,28,CAN_S01E03_T28_32
59,ABN AFRICA,08:28,1,DONT1_08 Rasi H Donaciones
59,ABN AFRICA,08:29,0,PSAT20s El Trafico
59,ABN AFRICA,08:30,38,APA_0003_T38_10 La Aparicion
59,ABN AFRICA,09:08,3,MUS_T03_59
59,ABN AFRICA,09:12,1,PSAT1_30 El Mundo
59,ABN AFRICA,09:13,1,PROT1_29 LLBN Latino Promo
59,ABN AFRICA,09:15,9,RDA_Vol 4 Part 21_T09_14 - El misterio
59,ABN AFRICA,09:24,5,MUS_T05_08
59,ABN AFRICA,09:29,0,PROT30sec 6 languages
59,ABN AFRICA,09:30,28,ACR_002_T28_29
59,ABN AFRICA,09:58,1,PSAT1_00 Todo es Posible
59,ABN AFRICA,09:59,0,DRPT31sec Proverbios 2:16-19 B
59,ABN AFRICA,10:00,23,NGP_T23_41 Louis Pasteur
59,ABN AFRICA,10:23,2,PROT2_00 Carlos L Iglesia Local
59,ABN AFRICA,10:25,4,MUS_T04_20
59,ABN AFRICA,10:30,25,MAI_053_T25_59
59,ABN AFRICA,10:55,1,PROT1_29 LLBN Latino Promo
59,ABN AFRICA,10:57,2,MUS_T02_22
59,ABN AFRICA,11:00,29,MEF_08_T29_02
59,ABN AFRICA,11:29,0,DONT59sec Torres Ariel Donacion
59,ABN AFRICA,11:30,28,DAP172T28_00
59,ABN AFRICA,11:58,1,PSAT1_00 - Juan (Espanol)
59,ABN AFRICA,11:59,1,CDCT1_01 Nos Estaremos Viendo (Espanol)
59,ABN AFRICA,12:00,56,SQR_006_T56_28
59,ABN AFRICA,12:56,1,DONT1_00 Bullon donacion
59,ABN AFRICA,12:57,0,SLOT12s VargasA
59,ABN AFRICA,12:57,0,SLOT12s VargasS
59,ABN AFRICA,12:57,2,MUS_T02_08
59,ABN AFRICA,13:10,1,CDCT1_01 - Abuelita (Espanol)
59,ABN AFRICA,13:11,1,PSAT60s Change the Outcome (Spanish)
59,ABN AFRICA,13:12,5,MUS_T05_06
59,ABN AFRICA,13:17,0,DRPT31sec Proverbios 2:6-15a
59,ABN AFRICA,13:17,5,MUS_T05_14
59,ABN AFRICA,13:22,0,SLOT12s CanizalesR
59,ABN AFRICA,13:23,1,LIV_T1_20 - Carrot
59,ABN AFRICA,13:24,5,MUS_T05_31
59,ABN AFRICA,13:29,0,SIDbT06
59,ABN AFRICA,13:30,30,CLL_S1E06_T30_00
59,ABN AFRICA,14:00,25,MUS_HSC 028_T25_45
59,ABN AFRICA,14:25,1,PSAT1_30 Siempre Estare Aqui
59,ABN AFRICA,14:27,1,CDCT1_01 Nos Estaremos Viendo (Espanol)
59,ABN AFRICA,14:28,1,MUS_T01_25
59,ABN AFRICA,14:29,0,PSAT20s El Autobus
59,ABN AFRICA,14:30,25,NHP_0007_T25_55 La Malvada Sodoma
59,ABN AFRICA,14:55,0,SLOT12s RasiJ
59,ABN AFRICA,14:56,3,MUS_T03_54
59,ABN AFRICA,15:10,1,CDCT1_01 - Abuelita (Espanol)
59,ABN AFRICA,15:11,1,PSAT60s Change the Outcome (Spanish)
59,ABN AFRICA,15:12,5,MUS_T05_06
59,ABN AFRICA,15:17,0,DRPT31sec Proverbios 2:6-15a
59,ABN AFRICA,15:17,5,MUS_T05_14
59,ABN AFRICA,15:22,0,SLOT12s CanizalesR
59,ABN AFRICA,15:23,1,LIV_T1_20 - Carrot
59,ABN AFRICA,15:24,5,MUS_T05_31
59,ABN AFRICA,15:29,0,SIDbT06
59,ABN AFRICA,15:30,28,HEA_06_T28_33
59,ABN AFRICA,15:58,1,DONT1_28 Serrano Salim Donaciones
59,ABN AFRICA,16:00,28,CAN_S01E03_T28_32
59,ABN AFRICA,16:28,1,DONT1_08 Rasi H Donaciones
59,ABN AFRICA,16:29,0,PSAT20s El Trafico
59,ABN AFRICA,16:30,38,APA_0003_T38_10 La Aparicion
59,ABN AFRICA,17:08,3,MUS_T03_59
59,ABN AFRICA,17:12,1,PSAT1_30 El Mundo
59,ABN AFRICA,17:13,1,PROT1_29 LLBN Latino Promo
59,ABN AFRICA,17:15,9,RDA_Vol 4 Part 21_T09_14 - El misterio
59,ABN AFRICA,17:24,5,MUS_T05_08
59,ABN AFRICA,17:29,0,PROT30sec 6 languages
59,ABN AFRICA,17:30,28,ACR_002_T28_29
59,ABN AFRICA,17:58,1,PSAT1_00 Todo es Posible
59,ABN AFRICA,17:59,0,DRPT31sec Proverbios 2:16-19 B
59,ABN AFRICA,18:00,23,NGP_T23_41 Louis Pasteur
59,ABN AFRICA,18:23,2,PROT2_00 Carlos L Iglesia Local
59,ABN AFRICA,18:25,4,MUS_T04_20
59,ABN AFRICA,18:30,28,GAP_0096B_T28_30
59,ABN AFRICA,18:58,1,PSAT1_30 El Mundo
59,ABN AFRICA,19:00,4,MUS_T04_31
59,ABN AFRICA,19:04,2,MUS_T02_03
59,ABN AFRICA,19:06,4,MUS_T04_30
59,ABN AFRICA,19:11,5,MUS_T05_57
59,ABN AFRICA,19:17,1,PSAT1_00 El Pan
59,ABN AFRICA,19:18,0,SIDT30sec V1
59,ABN AFRICA,19:18,2,MUS_T02_29
59,ABN AFRICA,19:21,3,MUS_T03_57
59,ABN AFRICA,19:24,2,MUS_T02_43
59,ABN AFRICA,19:27,2,MUS_T02_10
59,ABN AFRICA,19:30,28,DAP220T28_00
59,ABN AFRICA,19:58,1,PSAT1_00 - Juan (Espanol)
59,ABN AFRICA,19:59,0,SIDbT03
59,ABN AFRICA,19:59,0,PSAT30sec Todo es Posible
59,ABN AFRICA,19:59,0,PROT30sec 6 languages
59,ABN AFRICA,20:00,56,SQR_006_T56_28
59,ABN AFRICA,20:56,1,DONT1_00 Bullon donacion
59,ABN AFRICA,20:57,0,SLOT12s VargasA
59,ABN AFRICA,20:57,0,SLOT12s VargasS
59,ABN AFRICA,20:57,2,MUS_T02_08
59,ABN AFRICA,21:10,1,CDCT1_01 - Abuelita (Espanol)
59,ABN AFRICA,21:11,1,PSAT60s Change the Outcome (Spanish)
59,ABN AFRICA,21:12,5,MUS_T05_06
59,ABN AFRICA,21:17,0,DRPT31sec Proverbios 2:6-15a
59,ABN AFRICA,21:17,5,MUS_T05_14
59,ABN AFRICA,21:22,0,SLOT12s CanizalesR
59,ABN AFRICA,21:23,1,LIV_T1_20 - Carrot
59,ABN AFRICA,21:24,5,MUS_T05_31
59,ABN AFRICA,21:29,0,SIDbT06
59,ABN AFRICA,21:30,30,CLL_S1E06_T30_00
59,ABN AFRICA,22:00,25,MUS_HSC 028_T25_45
59,ABN AFRICA,22:25,1,PSAT1_30 Siempre Estare Aqui
59,ABN AFRICA,22:27,1,CDCT1_01 Nos Estaremos Viendo (Espanol)
59,ABN AFRICA,22:28,1,MUS_T01_25
59,ABN AFRICA,22:29,0,PSAT20s El Autobus
59,ABN AFRICA,22:30,25,NHP_0007_T25_55 La Malvada Sodoma
59,ABN AFRICA,22:55,0,SLOT12s RasiJ
59,ABN AFRICA,22:56,3,MUS_T03_54
59,ABN AFRICA,23:10,1,CDCT1_01 - Abuelita (Espanol)
59,ABN AFRICA,23:11,1,PSAT60s Change the Outcome (Spanish)
59,ABN AFRICA,23:12,5,MUS_T05_06
59,ABN AFRICA,23:17,0,DRPT31sec Proverbios 2:6-15a
59,ABN AFRICA,23:17,5,MUS_T05_14
59,ABN AFRICA,23:22,0,SLOT12s CanizalesR
59,ABN AFRICA,23:23,1,LIV_T1_20 - Carrot
59,ABN AFRICA,23:24,5,MUS_T05_31
59,ABN AFRICA,23:29,0,SIDbT06
59,ABN AFRICA,23:30,28,ALO_008_T28_51 Juan Surroca 1
59,ABN AFRICA,23:58,1,PSAT1_00 Comparte el Amor
60,Sid Roth - It's Supernatural Network,00:00,0,Next Add Malayalam - Moses the man of Integrity - Pr. Santho
60,Sid Roth - It's Supernatural Network,00:00,1,A60s Fundraiser Larry Geraty 01 M2 20160903
60,Sid Roth - It's Supernatural Network,00:01,24,"Malayalam Sermon 2019 Pr. Santhosh, Moses the man of Integri"
60,Sid Roth - It's Supernatural Network,00:25,1,A60s Made Possible Marlon Paley M2 20160904
60,Sid Roth - It's Supernatural Network,00:26,0,Next Malayalam Song
60,Sid Roth - It's Supernatural Network,00:27,0,A30s Globe Promo
60,Sid Roth - It's Supernatural Network,00:27,6,Dhevadhoothar Aninirakkunnu Malayalam Song 2020
60,Sid Roth - It's Supernatural Network,00:34,6,Amalamanohariamme - Tessa & Diana - Malayalam Song 2020
60,Sid Roth - It's Supernatural Network,00:40,6,Varooarunodhayame - Malayalam Song 2020
60,Sid Roth - It's Supernatural Network,00:47,6,Enikkai karuthunnavan Malayalam Song 2020
60,Sid Roth - It's Supernatural Network,00:53,5,"Malayalam Songs 2020, Engal Karthave."
60,Sid Roth - It's Supernatural Network,00:59,0,Sabbath Pr. Sachin Marathi 2023 A20
60,Sid Roth - It's Supernatural Network,01:00,0,Next Tamil Sermon
60,Sid Roth - It's Supernatural Network,01:00,1,A60s Fundraiser Larry Geraty 01 M2 20160903
60,Sid Roth - It's Supernatural Network,01:01,22,"Tamil Sermon, Namil Kanapadavendiya nambikkai, Pr. David Siva"
60,Sid Roth - It's Supernatural Network,01:23,1,A60s Made Possible Marlon Paley M2 20160904
60,Sid Roth - It's Supernatural Network,01:24,0,Next Tamil Song
60,Sid Roth - It's Supernatural Network,01:24,0,A30s Globe Promo
60,Sid Roth - It's Supernatural Network,01:25,4,2017 TAMIL SONGS (4)
60,Sid Roth - It's Supernatural Network,01:30,7,2017 TAMIL SONGS (9)
60,Sid Roth - It's Supernatural Network,01:37,4,tamil song 40
60,Sid Roth - It's Supernatural Network,01:41,5,"Tamil Song 2018, Devan Varu"
60,Sid Roth - It's Supernatural Network,01:47,6,2017 TAMIL SONGS (17)
60,Sid Roth - It's Supernatural Network,01:54,5,2017 TAMIL SONGS (14)
60,Sid Roth - It's Supernatural Network,01:59,0,"LLBN ADD Pr. Mathew, Malayalam 2019 a10."
60,Sid Roth - It's Supernatural Network,02:00,0,Next Add Why Satan Pr. Surendra Kannada
60,Sid Roth - It's Supernatural Network,02:00,0,Happy Sabbath Pr. Santhosh Malayalam 2019 a15.
60,Sid Roth - It's Supernatural Network,02:00,35,Pr. Surendra Why Satan  Kannada Sermon 2022
60,Sid Roth - It's Supernatural Network,02:36,0,a 10 LLBN You are watching  1
60,Sid Roth - It's Supernatural Network,02:36,0,Next English Song
60,Sid Roth - It's Supernatural Network,02:36,0,LA Pr. Sachin English 2023 A20
60,Sid Roth - It's Supernatural Network,02:36,3,"English Song 2021, Oh shepard"
60,Sid Roth - It's Supernatural Network,02:40,4,"English Song 2021, Make his Praise"
60,Sid Roth - It's Supernatural Network,02:45,2,english song 1 (6)
60,Sid Roth - It's Supernatural Network,02:47,2,english song 1 (7)
60,Sid Roth - It's Supernatural Network,02:50,2,english song 1 (13)
60,Sid Roth - It's Supernatural Network,02:53,3,2016 english song (6)
60,Sid Roth - It's Supernatural Network,02:56,3,"English Song 2021, The Storm"
60,Sid Roth - It's Supernatural Network,02:59,0,Happy Sabbath 2 2018
60,Sid Roth - It's Supernatural Network,03:00,0,Next Nepali Testimony
60,Sid Roth - It's Supernatural Network,03:00,0,LA Pr. Sachin English 2023 A20
60,Sid Roth - It's Supernatural Network,03:00,3,"Nepali Testimony, Tirtha Danwar, 2018."
60,Sid Roth - It's Supernatural Network,03:03,6,"Nepali Testimony, Damber 2018"
60,Sid Roth - It's Supernatural Network,03:10,3,"Nepali Testimony, Damber Magar, 2018."
60,Sid Roth - It's Supernatural Network,03:13,8,"Nepali Testimony, Heman Rai, 2018."
60,Sid Roth - It's Supernatural Network,03:21,3,"Nepali Testimony, Deb B.D.R. Rai, 2018."
60,Sid Roth - It's Supernatural Network,03:25,1,"Nepali Testimony, Bishu Rai, 2018."
60,Sid Roth - It's Supernatural Network,03:26,2,"Nepali Testimony, Hiandra Rai, 2018."
60,Sid Roth - It's Supernatural Network,03:29,0,LLBN Add 2019 2 a25
60,Sid Roth - It's Supernatural Network,03:30,0,Next Nepali Song
60,Sid Roth - It's Supernatural Network,03:30,0,"Happy Sabbath Pr. Abin,  English 2019 a10."
60,Sid Roth - It's Supernatural Network,03:30,3,"Nepali Song 4, 2018."
60,Sid Roth - It's Supernatural Network,03:34,3,"Nepali Song 1, 2018."
60,Sid Roth - It's Supernatural Network,03:38,3,"Nepali Song 3, 2018."
60,Sid Roth - It's Supernatural Network,03:41,4,"Nepali Song 11, 2018."
60,Sid Roth - It's Supernatural Network,03:46,4,"Nepali Song 10, 2018."
60,Sid Roth - It's Supernatural Network,03:50,4,"Nepali Song 7, 2018."
60,Sid Roth - It's Supernatural Network,03:54,3,"Nepali Song 8, 2018."
60,Sid Roth - It's Supernatural Network,03:57,1,"Nepali Song 9, 2018."
60,Sid Roth - It's Supernatural Network,03:59,0,a 10 LLBN You are watching  1
60,Sid Roth - It's Supernatural Network,04:00,0,Next Telugu Varaprasth Deepathi
60,Sid Roth - It's Supernatural Network,04:00,1,A60s Fundraiser Sharmel Weerazing 01 M2 20160903
60,Sid Roth - It's Supernatural Network,04:01,28,Telugu Sermon Pr. Veraprasad Deepati 0007
60,Sid Roth - It's Supernatural Network,04:29,0,Happy Sabbath 1 2018
60,Sid Roth - It's Supernatural Network,04:30,0,Next Instrumental
60,Sid Roth - It's Supernatural Network,04:30,0,LLBN Add 2019 2 a25
60,Sid Roth - It's Supernatural Network,04:30,2,Instrumental - On a hill far away
60,Sid Roth - It's Supernatural Network,04:33,4,Instrumental - I am thinking today of that beautiful land
60,Sid Roth - It's Supernatural Network,04:37,2,Instrumental - Have Thine own way Lord
60,Sid Roth - It's Supernatural Network,04:40,4,"Sonata 1, Instrumental 2020"
60,Sid Roth - It's Supernatural Network,04:44,3,Instrumental - How long has it been
60,Sid Roth - It's Supernatural Network,04:48,3,Instrumental - Onward Christian
60,Sid Roth - It's Supernatural Network,04:51,2,Instrumental - My Jesus I love Thee
60,Sid Roth - It's Supernatural Network,04:53,2,Instrumental - Jesus keep me near the cross
60,Sid Roth - It's Supernatural Network,04:56,3,"Mary did you know, Instrumental 2020"
60,Sid Roth - It's Supernatural Network,04:59,0,LA Pr. Sachin English 2023 A20
60,Sid Roth - It's Supernatural Network,05:00,0,Next Add Hindi - Healing Pr. Sachin 2022
60,Sid Roth - It's Supernatural Network,05:00,0,"Happy Sabbath Pr. Mathew, Malayalam 2019 a15."
60,Sid Roth - It's Supernatural Network,05:00,30,Hindi - Healing Sachin 2022
60,Sid Roth - It's Supernatural Network,05:30,0,A05s Made Possible Marlon Paley M1 20160904
60,Sid Roth - It's Supernatural Network,05:30,0,Next Hindi Songs
60,Sid Roth - It's Supernatural Network,05:31,0,A30s Globe Promo
60,Sid Roth - It's Supernatural Network,05:31,6,hindi songs (6)
60,Sid Roth - It's Supernatural Network,05:37,4,hindi songs
60,Sid Roth - It's Supernatural Network,05:42,4,hindi songs (3)
60,Sid Roth - It's Supernatural Network,05:47,4,Hindi Song 2018 (4)
60,Sid Roth - It's Supernatural Network,05:51,3,"Hindi Songs 2020, Pavitra."
60,Sid Roth - It's Supernatural Network,05:55,4,hindi songs (23)
60,Sid Roth - It's Supernatural Network,05:59,0,"LLBN ADD Mrs. Priya Charles, English. a13"
60,Sid Roth - It's Supernatural Network,06:00,0,"Next Bengali Sermon, Personal God, Nirobindu"
60,Sid Roth - It's Supernatural Network,06:00,1,A60s Fundraiser Sharmel Weerazing 01 M2 20160903
60,Sid Roth - It's Supernatural Network,06:01,28,"Bengali Sermon,    Pr. Nirobindu Das, Ista Devata (Personal"
60,Sid Roth - It's Supernatural Network,06:29,0,Happy Sabbath 1 2018
60,Sid Roth - It's Supernatural Network,06:29,0,Next Tamil Song
60,Sid Roth - It's Supernatural Network,06:30,0,"LLBN ADD Pr. Abin, Malayalam 2019 a15."
60,Sid Roth - It's Supernatural Network,06:30,5,Tamil Song 2019 Galeleyare
60,Sid Roth - It's Supernatural Network,06:36,5,"Tamil Song 2018, Agilam Engum"
60,Sid Roth - It's Supernatural Network,06:41,5,tamil song 32
60,Sid Roth - It's Supernatural Network,06:47,6,2017 TAMIL SONGS (6)
60,Sid Roth - It's Supernatural Network,06:53,5,2016 tamil song (8)
60,Sid Roth - It's Supernatural Network,06:59,0,LLBN ADD 2018 2
60,Sid Roth - It's Supernatural Network,07:00,0,Next Mizo Sermon
60,Sid Roth - It's Supernatural Network,07:00,1,A60s Fundraiser Ganim Hanna 03 M1 20160903
60,Sid Roth - It's Supernatural Network,07:01,28,Mizo Sermon 02 Part 2
60,Sid Roth - It's Supernatural Network,07:29,0,A45s Made Possible Marlon Paley M1 20160904
60,Sid Roth - It's Supernatural Network,07:30,0,Next Mizo Songs
60,Sid Roth - It's Supernatural Network,07:30,0,"Happy Sabbath Nepali, Pr. Umesh yaman"
60,Sid Roth - It's Supernatural Network,07:30,4,Mizo Song (13)
60,Sid Roth - It's Supernatural Network,07:34,5,Mizo Song (8)
60,Sid Roth - It's Supernatural Network,07:40,4,Mizo Song (10)
60,Sid Roth - It's Supernatural Network,07:44,2,Mizo Song (2)
60,Sid Roth - It's Supernatural Network,07:47,3,Mizo Song (3)
60,Sid Roth - It's Supernatural Network,07:50,5,Mizo Song 2021 (1)
60,Sid Roth - It's Supernatural Network,07:56,3,Mizo Song (12)
60,Sid Roth - It's Supernatural Network,07:59,0,LLBN Add 2019 2 a25
60,Sid Roth - It's Supernatural Network,08:00,0,"Next Santali Sermon, Creation, Baidyanath"
60,Sid Roth - It's Supernatural Network,08:00,0,A05s Made Possible Marlon Paley M2 20160904
60,Sid Roth - It's Supernatural Network,08:00,29,"Santali Sermon, Baidyanath, Creation."
60,Sid Roth - It's Supernatural Network,08:30,0,"Happy Sabbath Pr. Mathew, Malayalam 2019 a15."
60,Sid Roth - It's Supernatural Network,08:30,0,Next Instrumental
60,Sid Roth - It's Supernatural Network,08:30,0,A30s Globe Promo
60,Sid Roth - It's Supernatural Network,08:31,4,Instrumental - I am thinking today of that beautiful land
60,Sid Roth - It's Supernatural Network,08:35,4,"Sonata, Instrumental 2020"
60,Sid Roth - It's Supernatural Network,08:39,3,Instrumental - How long has it been
60,Sid Roth - It's Supernatural Network,08:43,3,Instrumental - There's a land that is fairer
60,Sid Roth - It's Supernatural Network,08:47,3,"Instrumental 2021, My Redeemer"
60,Sid Roth - It's Supernatural Network,08:50,4,"Sonata 1, Instrumental 2020"
60,Sid Roth - It's Supernatural Network,08:54,2,Instrumental - Have Thine own way Lord
60,Sid Roth - It's Supernatural Network,08:57,2,Instrumental - My Jesus I love Thee
60,Sid Roth - It's Supernatural Network,08:59,0,LLBN ADD 2018 2
60,Sid Roth - It's Supernatural Network,09:00,94,LLUC Church - Understandable (Part 4 of 7) Keep Reading - Mi
60,Sid Roth - It's Supernatural Network,10:34,50,LLUC Church at Study 20240309
60,Sid Roth - It's Supernatural Network,11:25,0,Next Hindi Songs
60,Sid Roth - It's Supernatural Network,11:25,0,LA Pr. Sachin Marathi 2023 A20
60,Sid Roth - It's Supernatural Network,11:26,4,Hindi Song 07 2022
60,Sid Roth - It's Supernatural Network,11:31,6,hindi songs (6)
60,Sid Roth - It's Supernatural Network,11:37,4,Hindi Song 2018 (1)
60,Sid Roth - It's Supernatural Network,11:41,7,hindi songs (24)
60,Sid Roth - It's Supernatural Network,11:48,4,hindi songs
60,Sid Roth - It's Supernatural Network,11:53,5,hindi songs (16)
60,Sid Roth - It's Supernatural Network,11:59,0,Happy Sabbath 2 2018
60,Sid Roth - It's Supernatural Network,11:59,0,LLBN Add 2019 2 a25
60,Sid Roth - It's Supernatural Network,12:00,0,Next Add Malayalam - Moses the man of Integrity - Pr. Santho
60,Sid Roth - It's Supernatural Network,12:00,1,A60s Fundraiser Larry Geraty 01 M2 20160903
60,Sid Roth - It's Supernatural Network,12:01,24,"Malayalam Sermon 2019 Pr. Santhosh, Moses the man of Integri"
60,Sid Roth - It's Supernatural Network,12:25,1,A60s Made Possible Marlon Paley M2 20160904
60,Sid Roth - It's Supernatural Network,12:26,0,Next Malayalam Song
60,Sid Roth - It's Supernatural Network,12:27,0,A30s Globe Promo
60,Sid Roth - It's Supernatural Network,12:27,6,Dhevadhoothar Aninirakkunnu Malayalam Song 2020
60,Sid Roth - It's Supernatural Network,12:34,6,Amalamanohariamme - Tessa & Diana - Malayalam Song 2020
60,Sid Roth - It's Supernatural Network,12:40,6,Varooarunodhayame - Malayalam Song 2020
60,Sid Roth - It's Supernatural Network,12:47,6,Enikkai karuthunnavan Malayalam Song 2020
60,Sid Roth - It's Supernatural Network,12:53,5,"Malayalam Songs 2020, Engal Karthave."
60,Sid Roth - It's Supernatural Network,12:59,0,Sabbath Pr. Sachin Marathi 2023 A20
60,Sid Roth - It's Supernatural Network,13:00,0,Next Tamil Sermon
60,Sid Roth - It's Supernatural Network,13:00,1,A60s Fundraiser Larry Geraty 01 M2 20160903
60,Sid Roth - It's Supernatural Network,13:01,22,"Tamil Sermon, Namil Kanapadavendiya nambikkai, Pr. David Siva"
60,Sid Roth - It's Supernatural Network,13:23,1,A60s Made Possible Marlon Paley M2 20160904
60,Sid Roth - It's Supernatural Network,13:24,0,Next Tamil Song
60,Sid Roth - It's Supernatural Network,13:24,0,A30s Globe Promo
60,Sid Roth - It's Supernatural Network,13:25,4,2017 TAMIL SONGS (4)
60,Sid Roth - It's Supernatural Network,13:30,7,2017 TAMIL SONGS (9)
60,Sid Roth - It's Supernatural Network,13:37,4,tamil song 40
60,Sid Roth - It's Supernatural Network,13:41,5,"Tamil Song 2018, Devan Varu"
60,Sid Roth - It's Supernatural Network,13:47,6,2017 TAMIL SONGS (17)
60,Sid Roth - It's Supernatural Network,13:54,5,2017 TAMIL SONGS (14)
60,Sid Roth - It's Supernatural Network,13:59,0,"LLBN ADD Pr. Mathew, Malayalam 2019 a10."
60,Sid Roth - It's Supernatural Network,14:00,0,Next Add Why Satan Pr. Surendra Kannada
60,Sid Roth - It's Supernatural Network,14:00,0,Happy Sabbath Pr. Santhosh Malayalam 2019 a15.
60,Sid Roth - It's Supernatural Network,14:00,35,Pr. Surendra Why Satan  Kannada Sermon 2022
60,Sid Roth - It's Supernatural Network,14:36,0,a 10 LLBN You are watching  1
60,Sid Roth - It's Supernatural Network,14:36,0,Next English Song
60,Sid Roth - It's Supernatural Network,14:36,0,LA Pr. Sachin English 2023 A20
60,Sid Roth - It's Supernatural Network,14:36,3,"English Song 2021, Oh shepard"
60,Sid Roth - It's Supernatural Network,14:40,4,"English Song 2021, Make his Praise"
60,Sid Roth - It's Supernatural Network,14:45,2,english song 1 (6)
60,Sid Roth - It's Supernatural Network,14:47,2,english song 1 (7)
60,Sid Roth - It's Supernatural Network,14:50,2,english song 1 (13)
60,Sid Roth - It's Supernatural Network,14:53,3,2016 english song (6)
60,Sid Roth - It's Supernatural Network,14:56,3,"English Song 2021, The Storm"
60,Sid Roth - It's Supernatural Network,14:59,0,Happy Sabbath 2 2018
60,Sid Roth - It's Supernatural Network,15:00,0,Next Nepali Testimony
60,Sid Roth - It's Supernatural Network,15:00,0,LA Pr. Sachin English 2023 A20
60,Sid Roth - It's Supernatural Network,15:00,3,"Nepali Testimony, Tirtha Danwar, 2018."
60,Sid Roth - It's Supernatural Network,15:03,6,"Nepali Testimony, Damber 2018"
60,Sid Roth - It's Supernatural Network,15:10,3,"Nepali Testimony, Damber Magar, 2018."
60,Sid Roth - It's Supernatural Network,15:13,8,"Nepali Testimony, Heman Rai, 2018."
60,Sid Roth - It's Supernatural Network,15:21,3,"Nepali Testimony, Deb B.D.R. Rai, 2018."
60,Sid Roth - It's Supernatural Network,15:25,1,"Nepali Testimony, Bishu Rai, 2018."
60,Sid Roth - It's Supernatural Network,15:26,2,"Nepali Testimony, Hiandra Rai, 2018."
60,Sid Roth - It's Supernatural Network,15:29,0,LLBN Add 2019 2 a25
60,Sid Roth - It's Supernatural Network,15:30,0,Next Nepali Song
60,Sid Roth - It's Supernatural Network,15:30,0,"Happy Sabbath Pr. Abin,  English 2019 a10."
60,Sid Roth - It's Supernatural Network,15:30,3,"Nepali Song 4, 2018."
60,Sid Roth - It's Supernatural Network,15:34,3,"Nepali Song 1, 2018."
60,Sid Roth - It's Supernatural Network,15:38,3,"Nepali Song 3, 2018."
60,Sid Roth - It's Supernatural Network,15:41,4,"Nepali Song 11, 2018."
60,Sid Roth - It's Supernatural Network,15:46,4,"Nepali Song 10, 2018."
60,Sid Roth - It's Supernatural Network,15:50,4,"Nepali Song 7, 2018."
60,Sid Roth - It's Supernatural Network,15:54,3,"Nepali Song 8, 2018."
60,Sid Roth - It's Supernatural Network,15:57,1,"Nepali Song 9, 2018."
60,Sid Roth - It's Supernatural Network,15:59,0,a 10 LLBN You are watching  1
60,Sid Roth - It's Supernatural Network,16:00,0,Next Telugu Varaprasth Deepathi
60,Sid Roth - It's Supernatural Network,16:00,1,A60s Fundraiser Sharmel Weerazing 01 M2 20160903
60,Sid Roth - It's Supernatural Network,16:01,28,Telugu Sermon Pr. Veraprasad Deepati 0007
60,Sid Roth - It's Supernatural Network,16:29,0,Happy Sabbath 1 2018
60,Sid Roth - It's Supernatural Network,16:30,0,Next Instrumental
60,Sid Roth - It's Supernatural Network,16:30,0,LLBN Add 2019 2 a25
60,Sid Roth - It's Supernatural Network,16:30,2,Instrumental - On a hill far away
60,Sid Roth - It's Supernatural Network,16:33,4,Instrumental - I am thinking today of that beautiful land
60,Sid Roth - It's Supernatural Network,16:37,2,Instrumental - Have Thine own way Lord
60,Sid Roth - It's Supernatural Network,16:40,4,"Sonata 1, Instrumental 2020"
60,Sid Roth - It's Supernatural Network,16:44,3,Instrumental - How long has it been
60,Sid Roth - It's Supernatural Network,16:48,3,Instrumental - Onward Christian
60,Sid Roth - It's Supernatural Network,16:51,2,Instrumental - My Jesus I love Thee
60,Sid Roth - It's Supernatural Network,16:53,2,Instrumental - Jesus keep me near the cross
60,Sid Roth - It's Supernatural Network,16:56,3,"Mary did you know, Instrumental 2020"
60,Sid Roth - It's Supernatural Network,16:59,0,LA Pr. Sachin English 2023 A20
60,Sid Roth - It's Supernatural Network,17:00,0,Next Add Hindi - Healing Pr. Sachin 2022
60,Sid Roth - It's Supernatural Network,17:00,0,"Happy Sabbath Pr. Mathew, Malayalam 2019 a15."
60,Sid Roth - It's Supernatural Network,17:00,30,Hindi - Healing Sachin 2022
60,Sid Roth - It's Supernatural Network,17:30,0,A05s Made Possible Marlon Paley M1 20160904
60,Sid Roth - It's Supernatural Network,17:30,0,Next Hindi Songs
60,Sid Roth - It's Supernatural Network,17:31,0,A30s Globe Promo
60,Sid Roth - It's Supernatural Network,17:31,6,hindi songs (6)
60,Sid Roth - It's Supernatural Network,17:37,4,hindi songs
60,Sid Roth - It's Supernatural Network,17:42,4,hindi songs (3)
60,Sid Roth - It's Supernatural Network,17:47,4,Hindi Song 2018 (4)
60,Sid Roth - It's Supernatural Network,17:51,3,"Hindi Songs 2020, Pavitra."
60,Sid Roth - It's Supernatural Network,17:55,4,hindi songs (23)
60,Sid Roth - It's Supernatural Network,17:59,0,"LLBN ADD Mrs. Priya Charles, English. a13"
60,Sid Roth - It's Supernatural Network,18:00,0,"Next Bengali Sermon, Personal God, Nirobindu"
60,Sid Roth - It's Supernatural Network,18:00,1,A60s Fundraiser Sharmel Weerazing 01 M2 20160903
60,Sid Roth - It's Supernatural Network,18:01,28,"Bengali Sermon,    Pr. Nirobindu Das, Ista Devata (Personal"
60,Sid Roth - It's Supernatural Network,18:29,0,Happy Sabbath 1 2018
60,Sid Roth - It's Supernatural Network,18:29,0,Next Tamil Song
60,Sid Roth - It's Supernatural Network,18:30,0,"LLBN ADD Pr. Abin, Malayalam 2019 a15."
60,Sid Roth - It's Supernatural Network,18:30,5,Tamil Song 2019 Galeleyare
60,Sid Roth - It's Supernatural Network,18:36,5,"Tamil Song 2018, Agilam Engum"
60,Sid Roth - It's Supernatural Network,18:41,5,tamil song 32
60,Sid Roth - It's Supernatural Network,18:47,6,2017 TAMIL SONGS (6)
60,Sid Roth - It's Supernatural Network,18:53,5,2016 tamil song (8)
60,Sid Roth - It's Supernatural Network,18:59,0,LLBN ADD 2018 2
60,Sid Roth - It's Supernatural Network,19:00,0,Next Mizo Sermon
60,Sid Roth - It's Supernatural Network,19:00,1,A60s Fundraiser Ganim Hanna 03 M1 20160903
60,Sid Roth - It's Supernatural Network,19:01,28,Mizo Sermon 02 Part 2
60,Sid Roth - It's Supernatural Network,19:29,0,A45s Made Possible Marlon Paley M1 20160904
60,Sid Roth - It's Supernatural Network,19:30,0,Next Mizo Songs
60,Sid Roth - It's Supernatural Network,19:30,0,"Happy Sabbath Nepali, Pr. Umesh yaman"
60,Sid Roth - It's Supernatural Network,19:30,4,Mizo Song (13)
60,Sid Roth - It's Supernatural Network,19:34,5,Mizo Song (8)
60,Sid Roth - It's Supernatural Network,19:40,4,Mizo Song (10)
60,Sid Roth - It's Supernatural Network,19:44,2,Mizo Song (2)
60,Sid Roth - It's Supernatural Network,19:47,3,Mizo Song (3)
60,Sid Roth - It's Supernatural Network,19:50,5,Mizo Song 2021 (1)
60,Sid Roth - It's Supernatural Network,19:56,3,Mizo Song (12)
60,Sid Roth - It's Supernatural Network,19:59,0,LLBN Add 2019 2 a25
60,Sid Roth - It's Supernatural Network,20:00,0,"Next Santali Sermon, Creation, Baidyanath"
60,Sid Roth - It's Supernatural Network,20:00,0,A05s Made Possible Marlon Paley M2 20160904
60,Sid Roth - It's Supernatural Network,20:00,29,"Santali Sermon, Baidyanath, Creation."
60,Sid Roth - It's Supernatural Network,20:30,0,"Happy Sabbath Pr. Mathew, Malayalam 2019 a15."
60,Sid Roth - It's Supernatural Network,20:30,0,Next Instrumental
60,Sid Roth - It's Supernatural Network,20:30,0,A30s Globe Promo
60,Sid Roth - It's Supernatural Network,20:31,4,Instrumental - I am thinking today of that beautiful land
60,Sid Roth - It's Supernatural Network,20:35,4,"Sonata, Instrumental 2020"
60,Sid Roth - It's Supernatural Network,20:39,3,Instrumental - How long has it been
60,Sid Roth - It's Supernatural Network,20:43,3,Instrumental - There's a land that is fairer
60,Sid Roth - It's Supernatural Network,20:47,3,"Instrumental 2021, My Redeemer"
60,Sid Roth - It's Supernatural Network,20:50,4,"Sonata 1, Instrumental 2020"
60,Sid Roth - It's Supernatural Network,20:54,2,Instrumental - Have Thine own way Lord
60,Sid Roth - It's Supernatural Network,20:57,2,Instrumental - My Jesus I love Thee
60,Sid Roth - It's Supernatural Network,20:59,0,LLBN ADD 2018 2
60,Sid Roth - It's Supernatural Network,21:00,0,Next Add Odia - What was Abolished by Christ - Pr. Purno Cha
60,Sid Roth - It's Supernatural Network,21:00,0,a 10 LLBN You are watching  1
60,Sid Roth - It's Supernatural Network,21:00,30,Odia - What was abolished by Christ Pr. Purno 2022
60,Sid Roth - It's Supernatural Network,21:30,0,Happy Sabbath 2 2018
60,Sid Roth - It's Supernatural Network,21:30,0,Next Add Odia Song
60,Sid Roth - It's Supernatural Network,21:31,0,LLBN Add 2019 2 a25
60,Sid Roth - It's Supernatural Network,21:31,5,Odia Song 10 2022
60,Sid Roth - It's Supernatural Network,21:37,5,Odia Song 1
60,Sid Roth - It's Supernatural Network,21:42,5,Odia Song 5
60,Sid Roth - It's Supernatural Network,21:48,6,Odia Song 08 2022
60,Sid Roth - It's Supernatural Network,21:54,5,Odia Song 7
60,Sid Roth - It's Supernatural Network,21:59,0,"Happy Sabbath Pr. Abin, Malayalam 2019 a15."
60,Sid Roth - It's Supernatural Network,22:00,0,Next Add Marathi - The Salt Pr. Sachin 2022
60,Sid Roth - It's Supernatural Network,22:00,1,A60s Fundraiser Ganim Hanna 02 M2 20160903
60,Sid Roth - It's Supernatural Network,22:01,27,Marathi - Salt Pr. Sachin 2022
60,Sid Roth - It's Supernatural Network,22:28,1,A60s Made Possible Hannah Luttrell M1 20160904
60,Sid Roth - It's Supernatural Network,22:29,0,Next English Song
60,Sid Roth - It's Supernatural Network,22:29,0,a 10 LLBN You are watching  1
60,Sid Roth - It's Supernatural Network,22:30,2,2016 english song (7)
60,Sid Roth - It's Supernatural Network,22:32,3,"English Song 2021,Feed my sheep"
60,Sid Roth - It's Supernatural Network,22:36,3,english song 1 (11)
60,Sid Roth - It's Supernatural Network,22:39,3,"English Song 2021, Come now is"
60,Sid Roth - It's Supernatural Network,22:43,3,English Song 2021 (4)
60,Sid Roth - It's Supernatural Network,22:46,3,English Song 2019 Jesus i heard
60,Sid Roth - It's Supernatural Network,22:49,2,english song  1 (3)
60,Sid Roth - It's Supernatural Network,22:52,4,2016 english song (3)
60,Sid Roth - It's Supernatural Network,22:56,3,"English Song 2021, The Storm"
60,Sid Roth - It's Supernatural Network,22:59,0,"Happy Sabbath Pr. Krishnan, Malayalam 2019 a15."
60,Sid Roth - It's Supernatural Network,23:00,0,"Next Sinhalese, Power Pr. Willy reith"
60,Sid Roth - It's Supernatural Network,23:00,0,"Happy Sabbath Nepali, Pr. Umesh yaman"
60,Sid Roth - It's Supernatural Network,23:00,30,"Sinhalese, Power of prayer, Willy Reith, LLBN SA 2021"
60,Sid Roth - It's Supernatural Network,23:31,0,"LLBN ADD Pr. Krishnan, Malayalam 2019 a15."
60,Sid Roth - It's Supernatural Network,23:31,0,Next Hindi Songs
60,Sid Roth - It's Supernatural Network,23:31,0,LA Pr. Sachin Marathi 2023 A20
60,Sid Roth - It's Supernatural Network,23:32,4,Hindi Song 07 2022
60,Sid Roth - It's Supernatural Network,23:37,6,hindi songs (6)
60,Sid Roth - It's Supernatural Network,23:43,4,Hindi Song 2018 (1)
60,Sid Roth - It's Supernatural Network,23:48,7,hindi songs (24)
60,Sid Roth - It's Supernatural Network,23:55,4,hindi songs
60,Sid Roth - It's Supernatural Network,23:59,0,LLBN Add 2019 2 a25
61,JLTV,00:00,26,002 Jesus is My Example in Giving Thanks 20170311 0000
61,JLTV,00:26,1,AR 60s 01 LLBN Arabic Irene Fargo 20151204 1
61,JLTV,00:27,1,Poetry - Jesus the Light 01 30
61,JLTV,00:28,1,A60s Fundraiser Larry Geraty 01 M1 20160903
61,JLTV,00:29,0,Ari 6sArabic
61,JLTV,00:30,50,Ari MOP - Above the Crowd 003
61,JLTV,01:20,1,ARI 60s Arabic Haddad v1 e-mail TFN 08 09 10
61,JLTV,01:21,5,11 Arabic Music 20131019-God Does Not Forget Us-TRT 05 00 18
61,JLTV,01:26,2,Eva Spots - Amazing Light TRT 02 34
61,JLTV,01:29,0,A45s Fundraiser Ganim Hanna 01 M2 20160903
61,JLTV,01:29,0,Ari 3sArabic
61,JLTV,01:30,28,121 Studying the Gospel - 20190612 - John 20 24 to 21 1-14
61,JLTV,01:58,0,30 sec Arabic Promo 0008 2013
61,JLTV,01:59,0,A30s 04 WT Revocable Cash Trust 20160809
61,JLTV,01:59,0,A30s CDC Spot COVID-19 Symptoms
61,JLTV,02:00,63,Good News of Peace 20100813 0021
61,JLTV,03:03,26,Majestic Creation 20070609 0000
61,JLTV,03:30,44,Ari Give Me the Bible TRT 44 10 20111207 0035
61,JLTV,04:14,0,Ari 12sArabic
61,JLTV,04:14,0,AR 30s 02 LLBN Arabic Dr Wise 20151204 1
61,JLTV,04:14,3,10 Arabic Music 20131019-Tell Me the Old Old Story-TRT 03 23
61,JLTV,04:18,2,Arabic Spots - Eva - Seatbelt 02 07
61,JLTV,04:20,4,13 Arabic Music 20131019-(Good News of Peace Choir) My Jesus
61,JLTV,04:24,1,Eva Spots - Betweeen Curiosity and Compassion TRT 01 52
61,JLTV,04:26,2,14 Arabic Music 20131019-(Good News of Peace Choir) My Eyes
61,JLTV,04:29,0,A45s Fundraiser Humberto Rasi 01 M1 20160903
61,JLTV,04:29,0,Ari 3sArabic
61,JLTV,04:30,28,090 Bible Figures - Three Years in Prison 20180307
61,JLTV,04:58,0,Ari 12sArabic
61,JLTV,04:58,1,Ari A 60s Jesus Annuities Spot 20100720
61,JLTV,04:59,0,Ari 12sArabic
61,JLTV,05:00,59,Good News of Peace 20110401 0052
61,JLTV,05:59,0,Ari 8sArabic
61,JLTV,05:59,0,A30s CDC Spot COVID-19 Stop the Spread of Germs
61,JLTV,06:00,26,002 Jesus is My Example in Giving Thanks 20170311 0000
61,JLTV,06:26,1,AR 60s 01 LLBN Arabic Irene Fargo 20151204 1
61,JLTV,06:27,1,Poetry - Jesus the Light 01 30
61,JLTV,06:28,1,A60s Fundraiser Larry Geraty 01 M1 20160903
61,JLTV,06:29,0,Ari 6sArabic
61,JLTV,06:30,50,Ari MOP - Above the Crowd 003
61,JLTV,07:20,1,ARI 60s Arabic Haddad v1 e-mail TFN 08 09 10
61,JLTV,07:21,5,11 Arabic Music 20131019-God Does Not Forget Us-TRT 05 00 18
61,JLTV,07:26,2,Eva Spots - Amazing Light TRT 02 34
61,JLTV,07:29,0,A45s Fundraiser Ganim Hanna 01 M2 20160903
61,JLTV,07:29,0,Ari 3sArabic
61,JLTV,07:30,28,121 Studying the Gospel - 20190612 - John 20 24 to 21 1-14
61,JLTV,07:58,0,30 sec Arabic Promo 0008 2013
61,JLTV,07:59,0,A30s 04 WT Revocable Cash Trust 20160809
61,JLTV,07:59,0,A30s CDC Spot COVID-19 Symptoms
61,JLTV,08:00,63,Good News of Peace 20100813 0021
61,JLTV,09:03,26,Majestic Creation 20070609 0000
61,JLTV,09:30,44,Ari Give Me the Bible TRT 44 10 20111207 0035
61,JLTV,10:14,0,Ari 12sArabic
61,JLTV,10:14,0,AR 30s 02 LLBN Arabic Dr Wise 20151204 1
61,JLTV,10:14,3,10 Arabic Music 20131019-Tell Me the Old Old Story-TRT 03 23
61,JLTV,10:18,2,Arabic Spots - Eva - Seatbelt 02 07
61,JLTV,10:20,4,13 Arabic Music 20131019-(Good News of Peace Choir) My Jesus
61,JLTV,10:24,1,Eva Spots - Betweeen Curiosity and Compassion TRT 01 52
61,JLTV,10:26,2,14 Arabic Music 20131019-(Good News of Peace Choir) My Eyes
61,JLTV,10:29,0,A45s Fundraiser Humberto Rasi 01 M1 20160903
61,JLTV,10:29,0,Ari 3sArabic
61,JLTV,10:30,28,090 Bible Figures - Three Years in Prison 20180307
61,JLTV,10:58,0,Ari 12sArabic
61,JLTV,10:58,1,Ari A 60s Jesus Annuities Spot 20100720
61,JLTV,10:59,0,Ari 12sArabic
61,JLTV,11:00,59,Good News of Peace 20110401 0052
61,JLTV,11:59,0,Ari 8sArabic
61,JLTV,11:59,0,A30s CDC Spot COVID-19 Stop the Spread of Germs
61,JLTV,12:00,26,002 Jesus is My Example in Giving Thanks 20170311 0000
61,JLTV,12:26,1,AR 60s 01 LLBN Arabic Irene Fargo 20151204 1
61,JLTV,12:27,1,Poetry - Jesus the Light 01 30
61,JLTV,12:28,1,A60s Fundraiser Larry Geraty 01 M1 20160903
61,JLTV,12:29,0,Ari 6sArabic
61,JLTV,12:30,50,Ari MOP - Above the Crowd 003
61,JLTV,13:20,1,ARI 60s Arabic Haddad v1 e-mail TFN 08 09 10
61,JLTV,13:21,5,11 Arabic Music 20131019-God Does Not Forget Us-TRT 05 00 18
61,JLTV,13:26,2,Eva Spots - Amazing Light TRT 02 34
61,JLTV,13:29,0,A45s Fundraiser Ganim Hanna 01 M2 20160903
61,JLTV,13:29,0,Ari 3sArabic
61,JLTV,13:30,28,121 Studying the Gospel - 20190612 - John 20 24 to 21 1-14
61,JLTV,13:58,0,30 sec Arabic Promo 0008 2013
61,JLTV,13:59,0,A30s 04 WT Revocable Cash Trust 20160809
61,JLTV,13:59,0,A30s CDC Spot COVID-19 Symptoms
61,JLTV,14:00,63,Good News of Peace 20100813 0021
61,JLTV,15:03,26,Majestic Creation 20070609 0000
61,JLTV,15:30,44,Ari Give Me the Bible TRT 44 10 20111207 0035
61,JLTV,16:14,0,Ari 12sArabic
61,JLTV,16:14,0,AR 30s 02 LLBN Arabic Dr Wise 20151204 1
61,JLTV,16:14,3,10 Arabic Music 20131019-Tell Me the Old Old Story-TRT 03 23
61,JLTV,16:18,2,Arabic Spots - Eva - Seatbelt 02 07
61,JLTV,16:20,4,13 Arabic Music 20131019-(Good News of Peace Choir) My Jesus
61,JLTV,16:24,1,Eva Spots - Betweeen Curiosity and Compassion TRT 01 52
61,JLTV,16:26,2,14 Arabic Music 20131019-(Good News of Peace Choir) My Eyes
61,JLTV,16:29,0,A45s Fundraiser Humberto Rasi 01 M1 20160903
61,JLTV,16:29,0,Ari 3sArabic
61,JLTV,16:30,28,090 Bible Figures - Three Years in Prison 20180307
61,JLTV,16:58,0,Ari 12sArabic
61,JLTV,16:58,1,Ari A 60s Jesus Annuities Spot 20100720
61,JLTV,16:59,0,Ari 12sArabic
61,JLTV,17:00,59,Good News of Peace 20110401 0052
61,JLTV,17:59,0,Ari 8sArabic
61,JLTV,17:59,0,A30s CDC Spot COVID-19 Stop the Spread of Germs
61,JLTV,18:00,26,002 Jesus is My Example in Giving Thanks 20170311 0000
61,JLTV,18:26,1,AR 60s 01 LLBN Arabic Irene Fargo 20151204 1
61,JLTV,18:27,1,Poetry - Jesus the Light 01 30
61,JLTV,18:28,1,A60s Fundraiser Larry Geraty 01 M1 20160903
61,JLTV,18:29,0,Ari 6sArabic
61,JLTV,18:30,50,Ari MOP - Above the Crowd 003
61,JLTV,19:20,1,ARI 60s Arabic Haddad v1 e-mail TFN 08 09 10
61,JLTV,19:21,5,11 Arabic Music 20131019-God Does Not Forget Us-TRT 05 00 18
61,JLTV,19:26,2,Eva Spots - Amazing Light TRT 02 34
61,JLTV,19:29,0,A45s Fundraiser Ganim Hanna 01 M2 20160903
61,JLTV,19:29,0,Ari 3sArabic
61,JLTV,19:30,28,121 Studying the Gospel - 20190612 - John 20 24 to 21 1-14
61,JLTV,19:58,0,30 sec Arabic Promo 0008 2013
61,JLTV,19:59,0,A30s 04 WT Revocable Cash Trust 20160809
61,JLTV,19:59,0,A30s CDC Spot COVID-19 Symptoms
61,JLTV,20:00,63,Good News of Peace 20100813 0021
61,JLTV,21:03,26,Majestic Creation 20070609 0000
61,JLTV,21:30,44,Ari Give Me the Bible TRT 44 10 20111207 0035
61,JLTV,22:14,0,Ari 12sArabic
61,JLTV,22:14,0,AR 30s 02 LLBN Arabic Dr Wise 20151204 1
61,JLTV,22:14,3,10 Arabic Music 20131019-Tell Me the Old Old Story-TRT 03 23
61,JLTV,22:18,2,Arabic Spots - Eva - Seatbelt 02 07
61,JLTV,22:20,4,13 Arabic Music 20131019-(Good News of Peace Choir) My Jesus
61,JLTV,22:24,1,Eva Spots - Betweeen Curiosity and Compassion TRT 01 52
61,JLTV,22:26,2,14 Arabic Music 20131019-(Good News of Peace Choir) My Eyes
61,JLTV,22:29,0,A45s Fundraiser Humberto Rasi 01 M1 20160903
61,JLTV,22:29,0,Ari 3sArabic
61,JLTV,22:30,28,090 Bible Figures - Three Years in Prison 20180307
61,JLTV,22:58,0,Ari 12sArabic
61,JLTV,22:58,1,Ari A 60s Jesus Annuities Spot 20100720
61,JLTV,22:59,0,Ari 12sArabic
61,JLTV,23:00,59,Good News of Peace 20110401 0052
61,JLTV,23:59,0,Ari 8sArabic
61,JLTV,23:59,0,A30s CDC Spot COVID-19 Stop the Spread of Germs
62,Press TV,00:00,30,Kitty's Outlaw
62,Press TV,00:30,30,Renegade Raiders
62,Press TV,01:00,60,Stagecoach Seven
62,Press TV,02:00,120,Campmeeting: Mike Murdock
62,Press TV,04:00,120,Campmeeting: Ayo Oritsejafor
62,Press TV,06:00,60,Campmeeting: Terry Tripp
62,Press TV,07:00,30,One Went to Denver
62,Press TV,07:30,30,The Deadly Wait
62,Press TV,08:00,30,The Wrong Man
62,Press TV,08:30,30,The Challenge
62,Press TV,09:00,60,The Empty Sleeve
62,Press TV,10:00,270,The Sacketts
62,Press TV,14:30,30,Potato Road
62,Press TV,15:00,60,Hard Time
62,Press TV,16:00,60,Justice
62,Press TV,17:00,30,Boomerang
62,Press TV,17:30,30,The Mind Reader
62,Press TV,18:00,30,General Parsley Smith
62,Press TV,18:30,30,Reed Survives
62,Press TV,19:00,120,Hondo
62,Press TV,21:00,30,The Killer
62,Press TV,21:30,30,The Counterfeiters
63,Nejat TV,00:00,30,Currently Being Updated
63,Nejat TV,00:30,30,Currently Being Updated
63,Nejat TV,01:00,30,Currently Being Updated
63,Nejat TV,01:30,30,Currently Being Updated
63,Nejat TV,02:00,30,Currently Being Updated
63,Nejat TV,02:30,30,Currently Being Updated
63,Nejat TV,03:00,30,Currently Being Updated
63,Nejat TV,03:30,30,Currently Being Updated
63,Nejat TV,04:00,30,Currently Being Updated
63,Nejat TV,04:30,30,Currently Being Updated
63,Nejat TV,05:00,30,Currently Being Updated
63,Nejat TV,05:30,30,Currently Being Updated
63,Nejat TV,06:00,30,Currently Being Updated
63,Nejat TV,06:30,30,Currently Being Updated
63,Nejat TV,07:00,30,Currently Being Updated
63,Nejat TV,07:30,30,Currently Being Updated
63,Nejat TV,08:00,30,Currently Being Updated
63,Nejat TV,08:30,30,Currently Being Updated
63,Nejat TV,09:00,30,Currently Being Updated
63,Nejat TV,09:30,30,Currently Being Updated
63,Nejat TV,10:00,30,Currently Being Updated
63,Nejat TV,10:30,30,Currently Being Updated
63,Nejat TV,11:00,30,Currently Being Updated
63,Nejat TV,11:30,30,Currently Being Updated
63,Nejat TV,12:00,30,Currently Being Updated
63,Nejat TV,12:30,30,Currently Being Updated
63,Nejat TV,13:00,30,Currently Being Updated
63,Nejat TV,13:30,30,Currently Being Updated
63,Nejat TV,14:00,30,Currently Being Updated
63,Nejat TV,14:30,30,Currently Being Updated
63,Nejat TV,15:00,30,Currently Being Updated
63,Nejat TV,15:30,30,Currently Being Updated
63,Nejat TV,16:00,30,Currently Being Updated
63,Nejat TV,16:30,30,Currently Being Updated
63,Nejat TV,17:00,30,Currently Being Updated
63,Nejat TV,17:30,30,Currently Being Updated
63,Nejat TV,18:00,30,Currently Being Updated
63,Nejat TV,18:30,30,Currently Being Updated
63,Nejat TV,19:00,30,Currently Being Updated
63,Nejat TV,19:30,30,Currently Being Updated
63,Nejat TV,20:00,30,Currently Being Updated
63,Nejat TV,20:30,30,Currently Being Updated
63,Nejat TV,21:00,30,Currently Being Updated
63,Nejat TV,21:30,30,Currently Being Updated
63,Nejat TV,22:00,30,Currently Being Updated
63,Nejat TV,22:30,30,Currently Being Updated
63,Nejat TV,23:00,30,Currently Being Updated
63,Nejat TV,23:30,30,Currently Being Updated
64,Jewish Broadcasting,00:00,30,The Logical Truth
64,Jewish Broadcasting,00:30,30,LG Ministries
64,Jewish Broadcasting,01:00,30,Dayspring
64,Jewish Broadcasting,01:30,30,"Bible, The Bible, and More Bible"
64,Jewish Broadcasting,02:00,30,The Book of Psalms
64,Jewish Broadcasting,02:30,30,Getting to Know Your Bible
64,Jewish Broadcasting,03:00,30,Let the Bible Speak
64,Jewish Broadcasting,03:30,59,Answering The Error
64,Jewish Broadcasting,04:29,1,It's Seven Twenty Nine
64,Jewish Broadcasting,04:30,30,A Word Fitly Spoken - 30 Minute
64,Jewish Broadcasting,05:00,30,Have A Bible Question
64,Jewish Broadcasting,05:30,30,Digger Doug's Underground
64,Jewish Broadcasting,06:00,30,Digger Doug's Underground
64,Jewish Broadcasting,06:30,30,Fabric of Family
64,Jewish Broadcasting,07:00,30,Counterpoint
64,Jewish Broadcasting,07:30,30,Good News Today
64,Jewish Broadcasting,08:00,30,Focus on Faith
64,Jewish Broadcasting,08:30,30,Counterpoint
64,Jewish Broadcasting,09:00,30,Preaching the Gospel
64,Jewish Broadcasting,09:30,30,Book Chapter and Verse
64,Jewish Broadcasting,10:00,30,Fountain of Life
64,Jewish Broadcasting,10:30,30,The Gospel Is Gold
64,Jewish Broadcasting,11:00,30,What Would You Do If?
64,Jewish Broadcasting,11:30,30,The Truth in Love
64,Jewish Broadcasting,12:00,30,A Bible Answer
64,Jewish Broadcasting,12:30,30,Hearing God Speak
64,Jewish Broadcasting,13:00,30,A Common Ground
64,Jewish Broadcasting,13:30,30,Give Me the Bible
64,Jewish Broadcasting,14:00,30,Good News Today
64,Jewish Broadcasting,14:30,30,Fabric of Family
64,Jewish Broadcasting,15:00,30,Counterpoint
64,Jewish Broadcasting,15:30,30,The International Gospel Hour
64,Jewish Broadcasting,16:00,30,What Would You Do If?
64,Jewish Broadcasting,16:30,30,The Gospel Is Gold
64,Jewish Broadcasting,17:00,44,World Video Bible School Presents
64,Jewish Broadcasting,17:44,16,Digging Deep with Dan
64,Jewish Broadcasting,18:00,45,GBN Special Presentation
64,Jewish Broadcasting,19:00,45,Polishing The Pulpit Keynote
64,Jewish Broadcasting,20:00,30,What Would You Do If?
64,Jewish Broadcasting,20:30,30,The Gospel Is Gold
64,Jewish Broadcasting,21:00,30,World Video Bible School Presents
64,Jewish Broadcasting,21:45,15,Fruit of Our Lips
64,Jewish Broadcasting,22:00,60,GBN Special Presentation
64,Jewish Broadcasting,23:00,30,Black and White
64,Jewish Broadcasting,23:30,29,Good News Today
65,WGN Chicago,00:00,30,Bishop Shirley Ross
65,WGN Chicago,00:30,30,Dayna Muldoon
65,WGN Chicago,01:00,30,Word Special
65,WGN Chicago,01:30,30,Word Special
65,WGN Chicago,02:00,30,Word Special
65,WGN Chicago,02:30,60,Inspiration Ministries
65,WGN Chicago,03:30,30,James Robison
65,WGN Chicago,04:00,30,Dr. W.F. Washington
65,WGN Chicago,04:30,30,K.D. Collins
65,WGN Chicago,05:00,30,Angelo Barbosa
65,WGN Chicago,05:30,30,Dr. Nicolas Felix
65,WGN Chicago,06:00,30,Jewish Voice
65,WGN Chicago,06:30,30,The Jewish Jesus
65,WGN Chicago,07:00,30,Tracy Cooke
65,WGN Chicago,07:30,30,Taketa Williams
65,WGN Chicago,08:00,60,Power to the People With Jamal Bryant
65,WGN Chicago,09:00,30,Bishop Paul Morton
65,WGN Chicago,09:30,30,Fellowship Christians & Jews
65,WGN Chicago,10:00,60,Inspiration Ministries
65,WGN Chicago,11:00,60,Food for the Poor
65,WGN Chicago,12:00,30,Word Special
65,WGN Chicago,12:30,30,Bishop Joseph Walker
65,WGN Chicago,13:00,30,Jewish Voice
65,WGN Chicago,13:30,30,Sharon Edmond
65,WGN Chicago,14:00,30,Dr. Jamal H Bryant
65,WGN Chicago,14:30,30,Word Special
65,WGN Chicago,15:00,30,Greg Davis Ministries
65,WGN Chicago,15:30,30,Bobby Hogan
65,WGN Chicago,16:00,30,Ted Shuttlesworth
65,WGN Chicago,16:30,30,JoLynne Whittaker Minstries
65,WGN Chicago,17:00,30,Charles Ellis
65,WGN Chicago,17:30,60,Inspiration Ministries
65,WGN Chicago,18:30,30,Pastor Clement Lupton
65,WGN Chicago,19:00,30,Anthony Murray
65,WGN Chicago,19:30,30,Bishop Senyo Bulla
65,WGN Chicago,20:00,30,Woody Martin
65,WGN Chicago,20:30,30,Mike Moore Answers That Work
65,WGN Chicago,21:00,30,Mark Vereen
65,WGN Chicago,21:30,30,Brandon B. Porter
65,WGN Chicago,22:00,30,Jody Rogers
65,WGN Chicago,22:30,60,Inspiration Ministries
65,WGN Chicago,23:30,30,Gerald Jones
67,Newsmax,00:00,30,No Show Info
67,Newsmax,00:30,30,No Show Info
67,Newsmax,01:00,30,No Show Info
67,Newsmax,01:30,30,No Show Info
67,Newsmax,02:00,30,No Show Info
67,Newsmax,02:30,30,No Show Info
67,Newsmax,03:00,30,No Show Info
67,Newsmax,03:30,30,No Show Info
67,Newsmax,04:00,30,No Show Info
67,Newsmax,04:30,30,No Show Info
67,Newsmax,05:00,30,No Show Info
67,Newsmax,05:30,30,No Show Info
67,Newsmax,06:00,30,No Show Info
67,Newsmax,06:30,30,No Show Info
67,Newsmax,07:00,30,No Show Info
67,Newsmax,07:30,30,No Show Info
67,Newsmax,08:00,30,No Show Info
67,Newsmax,08:30,30,No Show Info
67,Newsmax,09:00,30,No Show Info
67,Newsmax,09:30,30,No Show Info
67,Newsmax,10:00,30,No Show Info
67,Newsmax,10:30,30,No Show Info
67,Newsmax,11:00,30,No Show Info
67,Newsmax,11:30,30,No Show Info
67,Newsmax,12:00,30,No Show Info
67,Newsmax,12:30,30,No Show Info
67,Newsmax,13:00,30,No Show Info
67,Newsmax,13:30,30,No Show Info
67,Newsmax,14:00,30,No Show Info
67,Newsmax,14:30,30,No Show Info
67,Newsmax,15:00,30,No Show Info
67,Newsmax,15:30,30,No Show Info
67,Newsmax,16:00,30,No Show Info
67,Newsmax,16:30,30,No Show Info
67,Newsmax,17:00,30,No Show Info
67,Newsmax,17:30,30,No Show Info
67,Newsmax,18:00,30,No Show Info
67,Newsmax,18:30,30,No Show Info
67,Newsmax,19:00,30,No Show Info
67,Newsmax,19:30,30,No Show Info
67,Newsmax,20:00,30,No Show Info
67,Newsmax,20:30,30,No Show Info
67,Newsmax,21:00,30,No Show Info
67,Newsmax,21:30,30,No Show Info
67,Newsmax,22:00,30,No Show Info
67,Newsmax,22:30,30,No Show Info
67,Newsmax,23:00,30,No Show Info
67,Newsmax,23:30,30,No Show Info
68,Family TV,00:00,30,Consumed by Call
68,Family TV,00:30,30,TV One Life
68,Family TV,01:00,30,Dr. Jeremiah
68,Family TV,01:30,30,Born to Be Free
68,Family TV,02:00,60,Cornerstone Encore
68,Family TV,03:00,60,Pilgrim's Progress
68,Family TV,04:00,30,Cowboy Dan
68,Family TV,04:30,30,Friends & Heroes
68,Family TV,05:00,30,Youth Bytes
68,Family TV,05:30,30,Superbook
68,Family TV,06:00,30,Torchlighters
68,Family TV,06:30,30,PA Newsmakers
68,Family TV,07:00,30,At Home With Arlene
68,Family TV,07:30,30,sister 2 sister
68,Family TV,08:00,30,Dashing Dish
68,Family TV,08:30,30,J. Meyer OTO
68,Family TV,09:00,30,Christian Wd News
68,Family TV,09:30,30,John Ankerberg
68,Family TV,10:00,30,Sekulow
68,Family TV,10:30,30,Get Involved
68,Family TV,11:00,30,B. Graham Classics
68,Family TV,11:30,30,Robison OTO
68,Family TV,12:00,30,Dinner Conversations
68,Family TV,12:30,30,Today's Nashville: This is Faith
68,Family TV,13:00,30,Grace Walk
68,Family TV,13:30,30,It's Supernatural
68,Family TV,14:00,60,Gaither Homecoming
68,Family TV,15:00,180,Cornerstone Block Party
68,Family TV,18:00,60,Charles Stanley
68,Family TV,19:00,30,Truths That Transform
68,Family TV,19:30,30,Prophecy Usa
68,Family TV,20:00,30,Way of the Master
68,Family TV,20:30,30,John Ankerberg
68,Family TV,21:00,30,Wretched
68,Family TV,21:30,30,Prophetic Connect
68,Family TV,22:00,30,Hope Today
68,Family TV,22:30,30,More Than a Song
68,Family TV,23:00,60,The Good Steward
69,Filmon Tv,00:00,27,Righteousness by Faith 00000000 0016
69,Filmon Tv,00:30,28,LLBN Sermons 030 featuring Pastor Dan Smith 20200624
69,Filmon Tv,01:00,28,Gathering Place: Ep: 47
69,Filmon Tv,01:30,28,Hymnal Notes 018 20200528
69,Filmon Tv,02:00,58,Ken Hart SS 20240316 Q1L11
69,Filmon Tv,03:00,58,East Pasco - I Am Says It All - Pastor Leo Oliveira 20240224
69,Filmon Tv,04:00,28,15 Hope for the Time of the End 20230515
69,Filmon Tv,04:30,28,042 A Little Book Open - David in Persa
69,Filmon Tv,05:00,27,4872 MTC - Music and the Spoken Word 20230130
69,Filmon Tv,05:30,28,010 - LLBN Worship Praise
69,Filmon Tv,06:00,58,Azure Hills - Pathfinder Sabbath - 20240309
69,Filmon Tv,07:00,55,Kettering - Spiritual Gifts Foundation - Andrea Jakobsons 20240302
69,Filmon Tv,08:00,58,Christian Connections The Good News About Creation 20240312
69,Filmon Tv,09:00,300,LLUC Worship & Sabbath School LIVE
69,Filmon Tv,15:00,28,15 Hope for the Time of the End 20230515
69,Filmon Tv,15:30,28,115 God's Prophetic Surprises S4E01 20190823
69,Filmon Tv,16:00,28,Lifestyle with Roy Ice 20231008 3317 - Welcome to the Kumite with Sean and Michele Kanan
69,Filmon Tv,16:30,28,"10 Lineage Journey - S2E1 The Mayflower, Great Awakening & G"
69,Filmon Tv,17:00,28,Gathering Place: Ep: 48
69,Filmon Tv,17:30,27,4926 MTC - Music and the Spoken Word 20240212
69,Filmon Tv,18:00,29,009 - LLBN Worship Praise
69,Filmon Tv,18:30,58,Christian Connections The Good News About Creation 20240312
69,Filmon Tv,20:30,16,013 Heritage Singers Classics 720p
69,Filmon Tv,20:49,4,37 Living Room Talk - Scout Shannon IG
69,Filmon Tv,21:00,28,Gospel Outreach - An Offer He Cant Refuse - 20231102 DTF-s01e03
69,Filmon Tv,21:30,28,Gathering Place: Ep: 47
69,Filmon Tv,22:00,27,4927 MTC - Music and the Spoken Word 20240219
69,Filmon Tv,22:30,28,010 - LLBN Worship Praise
69,Filmon Tv,23:00,53,020 More About Jesus - Too High A Price
70,3ABN! Dare to Dream,00:00,30,No Show Info
70,3ABN! Dare to Dream,00:30,30,No Show Info
70,3ABN! Dare to Dream,01:00,30,No Show Info
70,3ABN! Dare to Dream,01:30,30,No Show Info
70,3ABN! Dare to Dream,02:00,30,No Show Info
70,3ABN! Dare to Dream,02:30,30,No Show Info
70,3ABN! Dare to Dream,03:00,30,No Show Info
70,3ABN! Dare to Dream,03:30,30,No Show Info
70,3ABN! Dare to Dream,04:00,30,No Show Info
70,3ABN! Dare to Dream,04:30,30,No Show Info
70,3ABN! Dare to Dream,05:00,30,No Show Info
70,3ABN! Dare to Dream,05:30,30,No Show Info
70,3ABN! Dare to Dream,06:00,30,No Show Info
70,3ABN! Dare to Dream,06:30,30,No Show Info
70,3ABN! Dare to Dream,07:00,30,No Show Info
70,3ABN! Dare to Dream,07:30,30,No Show Info
70,3ABN! Dare to Dream,08:00,30,No Show Info
70,3ABN! Dare to Dream,08:30,30,No Show Info
70,3ABN! Dare to Dream,09:00,30,No Show Info
70,3ABN! Dare to Dream,09:30,30,No Show Info
70,3ABN! Dare to Dream,10:00,30,No Show Info
70,3ABN! Dare to Dream,10:30,30,No Show Info
70,3ABN! Dare to Dream,11:00,30,No Show Info
70,3ABN! Dare to Dream,11:30,30,No Show Info
70,3ABN! Dare to Dream,12:00,30,No Show Info
70,3ABN! Dare to Dream,12:30,30,No Show Info
70,3ABN! Dare to Dream,13:00,30,No Show Info
70,3ABN! Dare to Dream,13:30,30,No Show Info
70,3ABN! Dare to Dream,14:00,30,No Show Info
70,3ABN! Dare to Dream,14:30,30,No Show Info
70,3ABN! Dare to Dream,15:00,30,No Show Info
70,3ABN! Dare to Dream,15:30,30,No Show Info
70,3ABN! Dare to Dream,16:00,30,No Show Info
70,3ABN! Dare to Dream,16:30,30,No Show Info
70,3ABN! Dare to Dream,17:00,30,No Show Info
70,3ABN! Dare to Dream,17:30,30,No Show Info
70,3ABN! Dare to Dream,18:00,30,No Show Info
70,3ABN! Dare to Dream,18:30,30,No Show Info
70,3ABN! Dare to Dream,19:00,30,No Show Info
70,3ABN! Dare to Dream,19:30,30,No Show Info
70,3ABN! Dare to Dream,20:00,30,No Show Info
70,3ABN! Dare to Dream,20:30,30,No Show Info
70,3ABN! Dare to Dream,21:00,30,No Show Info
70,3ABN! Dare to Dream,21:30,30,No Show Info
70,3ABN! Dare to Dream,22:00,30,No Show Info
70,3ABN! Dare to Dream,22:30,30,No Show Info
70,3ABN! Dare to Dream,23:00,30,No Show Info
70,3ABN! Dare to Dream,23:30,30,No Show Info
71,3ABN Proclaim,00:00,30,Wretched
71,3ABN Proclaim,00:30,60,Gaither Homecoming
71,3ABN Proclaim,01:30,30,Southern Gospel Music
71,3ABN Proclaim,02:00,60,God Answers Prayer
71,3ABN Proclaim,03:00,60,Gaither Homecoming
71,3ABN Proclaim,04:00,30,Radiant TV
71,3ABN Proclaim,04:30,30,Vida Dura
71,3ABN Proclaim,05:00,30,Viva Mas
71,3ABN Proclaim,05:30,30,JovenbytesE/I 8-12yr
71,3ABN Proclaim,06:00,30,Dr. Wonder's Workshop E/I 5-12yr
71,3ABN Proclaim,06:30,30,Super Book (Youth)
71,3ABN Proclaim,07:00,30,Torchlighters E/I 8-12yr
71,3ABN Proclaim,07:30,30,Miss Charities Diner E/I3-12yr
71,3ABN Proclaim,08:00,30,Sugar Creek Gang E/I 3-12yr
71,3ABN Proclaim,08:30,30,Youthbytes E/I8-12yr
71,3ABN Proclaim,09:00,60,Gaither Homecoming
71,3ABN Proclaim,10:00,30,Jim Cantelon Today
71,3ABN Proclaim,10:30,30,Ignite Your Life
71,3ABN Proclaim,11:00,30,Wretched
71,3ABN Proclaim,11:30,30,Road Trip To Truth
71,3ABN Proclaim,12:00,30,Second Man
71,3ABN Proclaim,12:30,30,Southern Gospel Music
71,3ABN Proclaim,13:00,30,Born of God
71,3ABN Proclaim,13:30,30,Freedom Alive!
71,3ABN Proclaim,14:00,30,Faye Hardin Presents
71,3ABN Proclaim,14:30,60,In Touch
71,3ABN Proclaim,15:30,30,Vida Dura
71,3ABN Proclaim,16:00,30,Viva Mas
71,3ABN Proclaim,16:30,30,The Fresh Table
71,3ABN Proclaim,17:00,30,Billy Graham TV
71,3ABN Proclaim,17:30,30,Israel: Prophetic Connection
71,3ABN Proclaim,18:00,30,Returning to Our Roots
71,3ABN Proclaim,18:30,30,Issues & Answers
71,3ABN Proclaim,19:00,60,Worship TV
71,3ABN Proclaim,20:00,30,Manna Fest
71,3ABN Proclaim,20:30,30,Restoring God’s People
71,3ABN Proclaim,21:00,30,Hope Generation with Ben Courson
71,3ABN Proclaim,21:30,30,Issues & Answers
71,3ABN Proclaim,22:00,30,Wretched
71,3ABN Proclaim,22:30,30,​Jim Cantelon Today
71,3ABN Proclaim,23:00,30,Israel: The Prophetic Connection
71,3ABN Proclaim,23:30,30,Southern Gospel Music
72,TCT Kids,00:00,30,Currently Being Updated
72,TCT Kids,00:30,30,Currently Being Updated
72,TCT Kids,01:00,30,Currently Being Updated
72,TCT Kids,01:30,30,Currently Being Updated
72,TCT Kids,02:00,30,Currently Being Updated
72,TCT Kids,02:30,30,Currently Being Updated
72,TCT Kids,03:00,30,Currently Being Updated
72,TCT Kids,03:30,30,Currently Being Updated
72,TCT Kids,04:00,30,Currently Being Updated
72,TCT Kids,04:30,30,Currently Being Updated
72,TCT Kids,05:00,30,Currently Being Updated
72,TCT Kids,05:30,30,Currently Being Updated
72,TCT Kids,06:00,30,Currently Being Updated
72,TCT Kids,06:30,30,Currently Being Updated
72,TCT Kids,07:00,30,Currently Being Updated
72,TCT Kids,07:30,30,Currently Being Updated
72,TCT Kids,08:00,30,Currently Being Updated
72,TCT Kids,08:30,30,Currently Being Updated
72,TCT Kids,09:00,30,Currently Being Updated
72,TCT Kids,09:30,30,Currently Being Updated
72,TCT Kids,10:00,30,Currently Being Updated
72,TCT Kids,10:30,30,Currently Being Updated
72,TCT Kids,11:00,30,Currently Being Updated
72,TCT Kids,11:30,30,Currently Being Updated
72,TCT Kids,12:00,30,Currently Being Updated
72,TCT Kids,12:30,30,Currently Being Updated
72,TCT Kids,13:00,30,Currently Being Updated
72,TCT Kids,13:30,30,Currently Being Updated
72,TCT Kids,14:00,30,Currently Being Updated
72,TCT Kids,14:30,30,Currently Being Updated
72,TCT Kids,15:00,30,Currently Being Updated
72,TCT Kids,15:30,30,Currently Being Updated
72,TCT Kids,16:00,30,Currently Being Updated
72,TCT Kids,16:30,30,Currently Being Updated
72,TCT Kids,17:00,30,Currently Being Updated
72,TCT Kids,17:30,30,Currently Being Updated
72,TCT Kids,18:00,30,Currently Being Updated
72,TCT Kids,18:30,30,Currently Being Updated
72,TCT Kids,19:00,30,Currently Being Updated
72,TCT Kids,19:30,30,Currently Being Updated
72,TCT Kids,20:00,30,Currently Being Updated
72,TCT Kids,20:30,30,Currently Being Updated
72,TCT Kids,21:00,30,Currently Being Updated
72,TCT Kids,21:30,30,Currently Being Updated
72,TCT Kids,22:00,30,Currently Being Updated
72,TCT Kids,22:30,30,Currently Being Updated
72,TCT Kids,23:00,30,Currently Being Updated
72,TCT Kids,23:30,30,Currently Being Updated
73,His Channel,00:00,30,DOS Kitchen - 01 Okari Soup /Wing 2
73,His Channel,00:30,60,HOUSE OF PAYNE -Ep 3/HOUSE OF PAYNE -Ep 4/DYK 8/
73,His Channel,01:30,30,GOSPEL JAMZ - GJ - NK 102/bible Fact 10
73,His Channel,02:00,30,Up Next - HOD/HOD - Principle of Open Doors 58/Wing 9
73,His Channel,02:30,30,abn sport  Australia Pt.2 /Bible Fact 11
73,His Channel,03:00,30,MUSICAL FILLER /DYK 1/Wing 5
73,His Channel,03:30,30,Up Next - HOD/HOD -  Principles of Recovery 72/wow 7/Bible Fact 02
73,His Channel,04:00,30,ART & CULTURE - TIV/Bible Fact 9
73,His Channel,04:30,120,"Up Next - Movie/MOVIE - ""The Last Brick Maker in America""note: trim to fit into timeline""/"
73,His Channel,06:30,30,JMM - 1208 pt 1/wow 05/Wing 13
73,His Channel,07:00,30,MOE -  Coronation of OTUMARA/DYK 11/Wing 11
73,His Channel,07:30,30,ABN REQUEST TIME  5
73,His Channel,08:00,30,Musical Filler /DYK 12/
73,His Channel,08:30,30,Up Next - HOD/HOD - How to Fulfill Goals & Dreams Pt.2/Bible Fact 04
73,His Channel,09:00,30,MUSICAL FILLER /wow 03/Bible Fact 12
73,His Channel,09:30,30,Chosen - With God and Hard work  there is Prosperity/Bible Fact 09
73,His Channel,10:00,30,MUSICAL FILLER /wow 07/Wing 15
73,His Channel,10:30,30,CBN - You were there Ep 1/wow 9
73,His Channel,11:00,30,MUSICAL FILLER /wow 07/Wing 22
73,His Channel,11:30,30,Up Next - HOD/HOD - The Power of What you Know 3 / dyk 8
73,His Channel,12:00,30,ABN REQUEST TIME  5
73,His Channel,12:30,30,CPM -  Miracle 2 /DYK 6
73,His Channel,13:00,30,DOS Kitchen  - Chick Pea Fried Rice /wow 09/DYK 17/
73,His Channel,13:30,30,NEW VISION -  Developing Christlike Character 1A/ Bible Fact 08
73,His Channel,14:00,-1320,"Up Next - Movie/MOVIE - ""The Last Brick Maker in America""note: trim to fit into timeline""/"
74,Ihop (24/7 Prayer & Worship),00:00,30,Currently Being Updated
74,Ihop (24/7 Prayer & Worship),00:30,30,Currently Being Updated
74,Ihop (24/7 Prayer & Worship),01:00,30,Currently Being Updated
74,Ihop (24/7 Prayer & Worship),01:30,30,Currently Being Updated
74,Ihop (24/7 Prayer & Worship),02:00,30,Currently Being Updated
74,Ihop (24/7 Prayer & Worship),02:30,30,Currently Being Updated
74,Ihop (24/7 Prayer & Worship),03:00,30,Currently Being Updated
74,Ihop (24/7 Prayer & Worship),03:30,30,Currently Being Updated
74,Ihop (24/7 Prayer & Worship),04:00,30,Currently Being Updated
74,Ihop (24/7 Prayer & Worship),04:30,30,Currently Being Updated
74,Ihop (24/7 Prayer & Worship),05:00,30,Currently Being Updated
74,Ihop (24/7 Prayer & Worship),05:30,30,Currently Being Updated
74,Ihop (24/7 Prayer & Worship),06:00,30,Currently Being Updated
74,Ihop (24/7 Prayer & Worship),06:30,30,Currently Being Updated
74,Ihop (24/7 Prayer & Worship),07:00,30,Currently Being Updated
74,Ihop (24/7 Prayer & Worship),07:30,30,Currently Being Updated
74,Ihop (24/7 Prayer & Worship),08:00,30,Currently Being Updated
74,Ihop (24/7 Prayer & Worship),08:30,30,Currently Being Updated
74,Ihop (24/7 Prayer & Worship),09:00,30,Currently Being Updated
74,Ihop (24/7 Prayer & Worship),09:30,30,Currently Being Updated
74,Ihop (24/7 Prayer & Worship),10:00,30,Currently Being Updated
74,Ihop (24/7 Prayer & Worship),10:30,30,Currently Being Updated
74,Ihop (24/7 Prayer & Worship),11:00,30,Currently Being Updated
74,Ihop (24/7 Prayer & Worship),11:30,30,Currently Being Updated
74,Ihop (24/7 Prayer & Worship),12:00,30,Currently Being Updated
74,Ihop (24/7 Prayer & Worship),12:30,30,Currently Being Updated
74,Ihop (24/7 Prayer & Worship),13:00,30,Currently Being Updated
74,Ihop (24/7 Prayer & Worship),13:30,30,Currently Being Updated
74,Ihop (24/7 Prayer & Worship),14:00,30,Currently Being Updated
74,Ihop (24/7 Prayer & Worship),14:30,30,Currently Being Updated
74,Ihop (24/7 Prayer & Worship),15:00,30,Currently Being Updated
74,Ihop (24/7 Prayer & Worship),15:30,30,Currently Being Updated
74,Ihop (24/7 Prayer & Worship),16:00,30,Currently Being Updated
74,Ihop (24/7 Prayer & Worship),16:30,30,Currently Being Updated
74,Ihop (24/7 Prayer & Worship),17:00,30,Currently Being Updated
74,Ihop (24/7 Prayer & Worship),17:30,30,Currently Being Updated
74,Ihop (24/7 Prayer & Worship),18:00,30,Currently Being Updated
74,Ihop (24/7 Prayer & Worship),18:30,30,Currently Being Updated
74,Ihop (24/7 Prayer & Worship),19:00,30,Currently Being Updated
74,Ihop (24/7 Prayer & Worship),19:30,30,Currently Being Updated
74,Ihop (24/7 Prayer & Worship),20:00,30,Currently Being Updated
74,Ihop (24/7 Prayer & Worship),20:30,30,Currently Being Updated
74,Ihop (24/7 Prayer & Worship),21:00,30,Currently Being Updated
74,Ihop (24/7 Prayer & Worship),21:30,30,Currently Being Updated
74,Ihop (24/7 Prayer & Worship),22:00,30,Currently Being Updated
74,Ihop (24/7 Prayer & Worship),22:30,30,Currently Being Updated
74,Ihop (24/7 Prayer & Worship),23:00,30,Currently Being Updated
74,Ihop (24/7 Prayer & Worship),23:30,30,Currently Being Updated
75,Believers Voice of Victory,00:00,30,West Angeles COGIC
75,Believers Voice of Victory,00:30,30,Time 4 Video Gospel With Dr. Bobby Jones
75,Believers Voice of Victory,01:00,60,The Jim Bakker Show
75,Believers Voice of Victory,02:00,60,Ever Increasing Faith
75,Believers Voice of Victory,03:00,120,Inspiration Ministries Camp Meeting
75,Believers Voice of Victory,05:00,30,Dr. Van Grayton
75,Believers Voice of Victory,05:30,30,The Church 3:20
75,Believers Voice of Victory,06:00,60,Max Life With Bishop I.V. Hilliard
75,Believers Voice of Victory,07:00,60,National Action Network With Rev. Al Sharpton
75,Believers Voice of Victory,08:00,60,Rainbow Push Coalition With Reverend Jesse Jackson
75,Believers Voice of Victory,09:00,30,Lectures on the Gospel of John With Pastor Ock Soo Park
75,Believers Voice of Victory,09:30,30,Jewish Voice
75,Believers Voice of Victory,10:00,60,Great Faith Ministries
75,Believers Voice of Victory,11:00,30,Lifeline Ministries With Dr. Sharon Edmond
75,Believers Voice of Victory,11:30,30,Sid Roth's It's Supernatural
75,Believers Voice of Victory,12:00,30,It's a New Day Weekend
75,Believers Voice of Victory,12:30,30,Consuming Fire Ministries
75,Believers Voice of Victory,13:00,120,Inspiration Ministries Camp Meeting
75,Believers Voice of Victory,15:00,30,Transparency Ministries
75,Believers Voice of Victory,15:30,30,Derek Grier: Grace for Today
75,Believers Voice of Victory,16:00,30,The WKND Show
75,Believers Voice of Victory,16:30,30,The Jewel Tankard Show
75,Believers Voice of Victory,17:00,60,Max Life With Bishop I.V. Hilliard
75,Believers Voice of Victory,18:00,60,Miracles Do Happen
75,Believers Voice of Victory,19:00,30,Higher Impact With Teresa Hariston
75,Believers Voice of Victory,19:30,30,Bobby Jones Presents
75,Believers Voice of Victory,20:00,30,Bishop Corby Bush
75,Believers Voice of Victory,20:30,30,PHD Ministries
75,Believers Voice of Victory,21:00,30,The Lesson With Glenn Plummer
75,Believers Voice of Victory,21:30,30,Miracles Do Happen
75,Believers Voice of Victory,22:00,30,Journey to Freedom
75,Believers Voice of Victory,22:30,30,To Be Announced
75,Believers Voice of Victory,23:00,60,Inspiration Ministries Camp Meeting
76,VertiZontal Media,00:00,15,My Opposition: The Diaries of F. Kellner
76,VertiZontal Media,00:30,30,Siren
76,VertiZontal Media,01:00,30,Servant of the People
76,VertiZontal Media,01:30,30,Reviewish
76,VertiZontal Media,02:00,30,The Word with Scott Rubin
76,VertiZontal Media,02:30,30,Vision of the Bible
76,VertiZontal Media,03:00,30,Miracles & Meals with Joanne Caras
76,VertiZontal Media,03:30,30,Feed Me Bubbe
76,VertiZontal Media,04:00,30,Quick & Kosher with Jamie Geller
76,VertiZontal Media,04:30,30,Kosher Organic Ranchero
76,VertiZontal Media,05:00,30,Alive and Well
76,VertiZontal Media,05:30,30,Rhythm 'N Ruach
76,VertiZontal Media,06:00,45,Total Body Sculpt Plus
76,VertiZontal Media,07:00,30,A New Way 2 Move
76,VertiZontal Media,07:30,30,Stories of Love
76,VertiZontal Media,08:00,30,Bible Stories for Kids
76,VertiZontal Media,08:30,30,Rhythm 'N Ruach
76,VertiZontal Media,09:00,45,Total Body Sculpt Plus
76,VertiZontal Media,10:00,30,A New Way 2 Move
76,VertiZontal Media,10:30,30,Stories of Love
76,VertiZontal Media,11:00,30,Bible Stories for Kids
76,VertiZontal Media,11:30,30,Rhythm 'N Ruach
76,VertiZontal Media,12:00,30,Bodies In Motion with Gilad
76,VertiZontal Media,12:30,30,Vision of the Bible
76,VertiZontal Media,13:00,30,The Mickey Rooney Show
76,VertiZontal Media,13:30,30,The Goldbergs
76,VertiZontal Media,14:00,30,Dragnet
76,VertiZontal Media,14:30,30,Servant of the People
76,VertiZontal Media,15:00,135,Hitler's SS
76,VertiZontal Media,18:00,30,Stars of David
76,VertiZontal Media,18:30,30,Remembering The Catskills
76,VertiZontal Media,19:00,45,Colgate Comedy Hour
76,VertiZontal Media,20:00,120,JLTV's Movies
76,VertiZontal Media,22:30,30,Stars of David
76,VertiZontal Media,23:00,59,JLTV's Movies
77,HARVEST TV,00:00,30,Currently Being Updated
77,HARVEST TV,00:30,30,Currently Being Updated
77,HARVEST TV,01:00,30,Currently Being Updated
77,HARVEST TV,01:30,30,Currently Being Updated
77,HARVEST TV,02:00,30,Currently Being Updated
77,HARVEST TV,02:30,30,Currently Being Updated
77,HARVEST TV,03:00,30,Currently Being Updated
77,HARVEST TV,03:30,30,Currently Being Updated
77,HARVEST TV,04:00,30,Currently Being Updated
77,HARVEST TV,04:30,30,Currently Being Updated
77,HARVEST TV,05:00,30,Currently Being Updated
77,HARVEST TV,05:30,30,Currently Being Updated
77,HARVEST TV,06:00,30,Currently Being Updated
77,HARVEST TV,06:30,30,Currently Being Updated
77,HARVEST TV,07:00,30,Currently Being Updated
77,HARVEST TV,07:30,30,Currently Being Updated
77,HARVEST TV,08:00,30,Currently Being Updated
77,HARVEST TV,08:30,30,Currently Being Updated
77,HARVEST TV,09:00,30,Currently Being Updated
77,HARVEST TV,09:30,30,Currently Being Updated
77,HARVEST TV,10:00,30,Currently Being Updated
77,HARVEST TV,10:30,30,Currently Being Updated
77,HARVEST TV,11:00,30,Currently Being Updated
77,HARVEST TV,11:30,30,Currently Being Updated
77,HARVEST TV,12:00,30,Currently Being Updated
77,HARVEST TV,12:30,30,Currently Being Updated
77,HARVEST TV,13:00,30,Currently Being Updated
77,HARVEST TV,13:30,30,Currently Being Updated
77,HARVEST TV,14:00,30,Currently Being Updated
77,HARVEST TV,14:30,30,Currently Being Updated
77,HARVEST TV,15:00,30,Currently Being Updated
77,HARVEST TV,15:30,30,Currently Being Updated
77,HARVEST TV,16:00,30,Currently Being Updated
77,HARVEST TV,16:30,30,Currently Being Updated
77,HARVEST TV,17:00,30,Currently Being Updated
77,HARVEST TV,17:30,30,Currently Being Updated
77,HARVEST TV,18:00,30,Currently Being Updated
77,HARVEST TV,18:30,30,Currently Being Updated
77,HARVEST TV,19:00,30,Currently Being Updated
77,HARVEST TV,19:30,30,Currently Being Updated
77,HARVEST TV,20:00,30,Currently Being Updated
77,HARVEST TV,20:30,30,Currently Being Updated
77,HARVEST TV,21:00,30,Currently Being Updated
77,HARVEST TV,21:30,30,Currently Being Updated
77,HARVEST TV,22:00,30,Currently Being Updated
77,HARVEST TV,22:30,30,Currently Being Updated
77,HARVEST TV,23:00,30,Currently Being Updated
77,HARVEST TV,23:30,30,Currently Being Updated
79,Family Friendly Entertainment,00:00,30,Currently Being Updated
79,Family Friendly Entertainment,00:30,30,Currently Being Updated
79,Family Friendly Entertainment,01:00,30,Currently Being Updated
79,Family Friendly Entertainment,01:30,30,Currently Being Updated
79,Family Friendly Entertainment,02:00,30,Currently Being Updated
79,Family Friendly Entertainment,02:30,30,Currently Being Updated
79,Family Friendly Entertainment,03:00,30,Currently Being Updated
79,Family Friendly Entertainment,03:30,30,Currently Being Updated
79,Family Friendly Entertainment,04:00,30,Currently Being Updated
79,Family Friendly Entertainment,04:30,30,Currently Being Updated
79,Family Friendly Entertainment,05:00,30,Currently Being Updated
79,Family Friendly Entertainment,05:30,30,Currently Being Updated
79,Family Friendly Entertainment,06:00,30,Currently Being Updated
79,Family Friendly Entertainment,06:30,30,Currently Being Updated
79,Family Friendly Entertainment,07:00,30,Currently Being Updated
79,Family Friendly Entertainment,07:30,30,Currently Being Updated
79,Family Friendly Entertainment,08:00,30,Currently Being Updated
79,Family Friendly Entertainment,08:30,30,Currently Being Updated
79,Family Friendly Entertainment,09:00,30,Currently Being Updated
79,Family Friendly Entertainment,09:30,30,Currently Being Updated
79,Family Friendly Entertainment,10:00,30,Currently Being Updated
79,Family Friendly Entertainment,10:30,30,Currently Being Updated
79,Family Friendly Entertainment,11:00,30,Currently Being Updated
79,Family Friendly Entertainment,11:30,30,Currently Being Updated
79,Family Friendly Entertainment,12:00,30,Currently Being Updated
79,Family Friendly Entertainment,12:30,30,Currently Being Updated
79,Family Friendly Entertainment,13:00,30,Currently Being Updated
79,Family Friendly Entertainment,13:30,30,Currently Being Updated
79,Family Friendly Entertainment,14:00,30,Currently Being Updated
79,Family Friendly Entertainment,14:30,30,Currently Being Updated
79,Family Friendly Entertainment,15:00,30,Currently Being Updated
79,Family Friendly Entertainment,15:30,30,Currently Being Updated
79,Family Friendly Entertainment,16:00,30,Currently Being Updated
79,Family Friendly Entertainment,16:30,30,Currently Being Updated
79,Family Friendly Entertainment,17:00,30,Currently Being Updated
79,Family Friendly Entertainment,17:30,30,Currently Being Updated
79,Family Friendly Entertainment,18:00,30,Currently Being Updated
79,Family Friendly Entertainment,18:30,30,Currently Being Updated
79,Family Friendly Entertainment,19:00,30,Currently Being Updated
79,Family Friendly Entertainment,19:30,30,Currently Being Updated
79,Family Friendly Entertainment,20:00,30,Currently Being Updated
79,Family Friendly Entertainment,20:30,30,Currently Being Updated
79,Family Friendly Entertainment,21:00,30,Currently Being Updated
79,Family Friendly Entertainment,21:30,30,Currently Being Updated
79,Family Friendly Entertainment,22:00,30,Currently Being Updated
79,Family Friendly Entertainment,22:30,30,Currently Being Updated
79,Family Friendly Entertainment,23:00,30,Currently Being Updated
79,Family Friendly Entertainment,23:30,30,Currently Being Updated
80,Amazing Discoveries TV,00:30,90,Hampton Syn. Cantorial Concert
80,Amazing Discoveries TV,02:00,30,Good Week Israel
80,Amazing Discoveries TV,02:30,30,Think Out Loud
80,Amazing Discoveries TV,03:00,30,JBS News Update
80,Amazing Discoveries TV,03:30,30,Harmony Yoga
80,Amazing Discoveries TV,04:00,30,Shalom Kids
80,Amazing Discoveries TV,04:30,30,Shalom Kids
80,Amazing Discoveries TV,05:00,30,Israel Weekly
80,Amazing Discoveries TV,05:30,60,Jewish Insights With Justin Pines
80,Amazing Discoveries TV,06:30,90,Central Synagogue
80,Amazing Discoveries TV,08:00,90,Hampton Synagogue
80,Amazing Discoveries TV,09:30,30,Shlomo Riskin
80,Amazing Discoveries TV,10:00,90,Central Synagogue
80,Amazing Discoveries TV,11:30,90,Hampton Synagogue
80,Amazing Discoveries TV,13:00,60,Jewish Insights With Justin Pines
80,Amazing Discoveries TV,14:00,30,Good Week Israel
80,Amazing Discoveries TV,14:30,30,Think Out Loud
80,Amazing Discoveries TV,15:00,60,L'Chayim
80,Amazing Discoveries TV,16:00,60,Robert Siegel
80,Amazing Discoveries TV,17:00,30,In the Spotlight
80,Amazing Discoveries TV,17:30,30,Defending Israel
80,Amazing Discoveries TV,18:00,60,Israel at War
80,Amazing Discoveries TV,19:00,90,Hampton Syn. Cantorial Concert
80,Amazing Discoveries TV,20:30,30,JOFA 2017
80,Amazing Discoveries TV,21:00,60,92NY
80,Amazing Discoveries TV,22:00,90,Hampton Syn. Cantorial Concert
80,Amazing Discoveries TV,23:30,30,JOFA 2017
81,KSCE-TV Life!,00:00,30,Currently Being Updated
81,KSCE-TV Life!,00:30,30,Currently Being Updated
81,KSCE-TV Life!,01:00,30,Currently Being Updated
81,KSCE-TV Life!,01:30,30,Currently Being Updated
81,KSCE-TV Life!,02:00,30,Currently Being Updated
81,KSCE-TV Life!,02:30,30,Currently Being Updated
81,KSCE-TV Life!,03:00,30,Currently Being Updated
81,KSCE-TV Life!,03:30,30,Currently Being Updated
81,KSCE-TV Life!,04:00,30,Currently Being Updated
81,KSCE-TV Life!,04:30,30,Currently Being Updated
81,KSCE-TV Life!,05:00,30,Currently Being Updated
81,KSCE-TV Life!,05:30,30,Currently Being Updated
81,KSCE-TV Life!,06:00,30,Currently Being Updated
81,KSCE-TV Life!,06:30,30,Currently Being Updated
81,KSCE-TV Life!,07:00,30,Currently Being Updated
81,KSCE-TV Life!,07:30,30,Currently Being Updated
81,KSCE-TV Life!,08:00,30,Currently Being Updated
81,KSCE-TV Life!,08:30,30,Currently Being Updated
81,KSCE-TV Life!,09:00,30,Currently Being Updated
81,KSCE-TV Life!,09:30,30,Currently Being Updated
81,KSCE-TV Life!,10:00,30,Currently Being Updated
81,KSCE-TV Life!,10:30,30,Currently Being Updated
81,KSCE-TV Life!,11:00,30,Currently Being Updated
81,KSCE-TV Life!,11:30,30,Currently Being Updated
81,KSCE-TV Life!,12:00,30,Currently Being Updated
81,KSCE-TV Life!,12:30,30,Currently Being Updated
81,KSCE-TV Life!,13:00,30,Currently Being Updated
81,KSCE-TV Life!,13:30,30,Currently Being Updated
81,KSCE-TV Life!,14:00,30,Currently Being Updated
81,KSCE-TV Life!,14:30,30,Currently Being Updated
81,KSCE-TV Life!,15:00,30,Currently Being Updated
81,KSCE-TV Life!,15:30,30,Currently Being Updated
81,KSCE-TV Life!,16:00,30,Currently Being Updated
81,KSCE-TV Life!,16:30,30,Currently Being Updated
81,KSCE-TV Life!,17:00,30,Currently Being Updated
81,KSCE-TV Life!,17:30,30,Currently Being Updated
81,KSCE-TV Life!,18:00,30,Currently Being Updated
81,KSCE-TV Life!,18:30,30,Currently Being Updated
81,KSCE-TV Life!,19:00,30,Currently Being Updated
81,KSCE-TV Life!,19:30,30,Currently Being Updated
81,KSCE-TV Life!,20:00,30,Currently Being Updated
81,KSCE-TV Life!,20:30,30,Currently Being Updated
81,KSCE-TV Life!,21:00,30,Currently Being Updated
81,KSCE-TV Life!,21:30,30,Currently Being Updated
81,KSCE-TV Life!,22:00,30,Currently Being Updated
81,KSCE-TV Life!,22:30,30,Currently Being Updated
81,KSCE-TV Life!,23:00,30,Currently Being Updated
81,KSCE-TV Life!,23:30,30,Currently Being Updated
